OrderID,LineNo,ProductKey,Qty,UnitPrice,DiscountPct
SO-500001,1,19,1,699.99,0
SO-500002,1,16,1,74.99,0
SO-500002,2,6,1,29.99,10
SO-500002,3,20,1,599.99,0
SO-500002,4,14,2,99.99,0
SO-500003,1,3,2,49.99,10
SO-500004,1,16,1,74.99,0
SO-500004,2,12,1,19.99,0
SO-500005,1,5,2,39.99,15
SO-500005,2,11,1,64.99,10
SO-500006,1,21,3,24.99,10
SO-500006,2,5,2,39.99,0
SO-500007,1,14,1,99.99,5
SO-500008,1,3,2,49.99,0
SO-500009,1,9,1,89.99,0
SO-500009,2,4,1,59.99,10
SO-500010,1,5,2,39.99,0
SO-500011,1,21,3,24.99,0
SO-500011,2,14,1,99.99,15
SO-500012,1,11,1,64.99,15
SO-500013,1,4,1,59.99,0
SO-500013,2,21,3,24.99,0
SO-500014,1,21,3,24.99,0
SO-500014,2,11,1,64.99,10
SO-500015,1,14,1,99.99,0
SO-500016,1,14,1,92.99,0
SO-500016,2,24,3,41.99,0
SO-500017,1,19,1,699.99,15
SO-500018,1,12,3,19.99,5
SO-500018,2,15,3,39.99,0
SO-500018,3,1,1,199.99,10
SO-500019,1,6,2,29.99,0
SO-500020,1,9,1,89.99,15
SO-500020,2,6,2,29.99,0
SO-500021,1,1,2,199.99,5
SO-500022,1,7,1,169.99,0
SO-500022,2,10,1,149.99,0
SO-500022,3,8,1,54.99,10
SO-500022,4,18,2,14.99,0
SO-500023,1,2,1,179.99,0
SO-500024,1,4,1,59.99,10
SO-500024,2,3,3,49.99,0
SO-500025,1,17,3,17.99,5
SO-500025,2,2,1,179.99,10
SO-500026,1,13,1,129.99,0
SO-500026,2,24,2,44.99,10
SO-500026,3,6,1,29.99,0
SO-500027,1,17,2,16.99,0
SO-500028,1,18,3,14.99,0
SO-500029,1,8,2,54.99,0
SO-500030,1,23,2,34.99,15
SO-500031,1,2,2,179.99,10
SO-500032,1,14,1,99.99,0
SO-500032,2,16,1,74.99,10
SO-500033,1,22,2,79.99,0
SO-500034,1,14,13,99.99,15
SO-500034,2,18,19,14.99,25
SO-500034,3,2,10,179.99,20
SO-500035,1,1,1,199.99,10
SO-500036,1,18,3,14.99,0
SO-500037,1,8,2,54.99,0
SO-500038,1,23,1,34.99,0
SO-500039,1,17,1,17.99,0
SO-500040,1,11,2,64.99,0
SO-500041,1,18,1,14.99,0
SO-500042,1,14,2,92.99,0
SO-500042,2,1,2,185.99,15
SO-500043,1,14,1,99.99,0
SO-500043,2,23,3,34.99,10
SO-500044,1,18,2,14.99,10
SO-500045,1,4,1,59.99,0
SO-500046,1,24,2,41.99,10
SO-500046,2,17,2,16.99,0
SO-500047,1,20,1,599.99,0
SO-500048,1,11,1,59.99,0
SO-500049,1,14,1,92.99,5
SO-500050,1,20,5,599.99,25
SO-500050,2,9,9,89.99,15
SO-500050,3,18,4,14.99,15
SO-500050,4,1,10,199.99,20
SO-500051,1,7,1,169.99,0
SO-500051,2,16,1,74.99,15
SO-500052,1,14,2,99.99,0
SO-500053,1,14,1,99.99,5
SO-500053,2,15,2,39.99,10
SO-500054,1,18,3,14.99,15
SO-500054,2,14,1,99.99,0
SO-500054,3,20,1,599.99,15
SO-500055,1,2,2,179.99,10
SO-500055,2,20,1,599.99,0
SO-500055,3,8,1,54.99,0
SO-500055,4,1,1,199.99,5
SO-500056,1,13,14,129.99,20
SO-500056,2,12,11,19.99,15
SO-500057,1,16,1,74.99,10
SO-500057,2,7,1,169.99,0
SO-500058,1,16,1,74.99,30
SO-500058,2,22,2,79.99,30
SO-500059,1,17,1,17.99,5
SO-500059,2,24,2,44.99,5
SO-500060,1,12,3,19.99,0
SO-500060,2,10,1,149.99,5
SO-500060,3,22,1,79.99,5
SO-500061,1,1,1,199.99,10
SO-500062,1,9,1,89.99,0
SO-500062,2,20,1,599.99,5
SO-500063,1,6,3,29.99,0
SO-500063,2,10,2,149.99,5
SO-500064,1,16,1,74.99,10
SO-500064,2,8,1,54.99,0
SO-500064,3,12,1,19.99,10
SO-500064,4,18,2,14.99,0
SO-500065,1,21,2,24.99,15
SO-500065,2,6,3,29.99,0
SO-500066,1,6,3,29.99,0
SO-500067,1,17,3,16.99,0
SO-500067,2,7,2,157.99,0
SO-500067,3,11,1,59.99,0
SO-500068,1,2,1,179.99,0
SO-500068,2,3,1,49.99,0
SO-500069,1,12,3,19.99,15
SO-500069,2,21,1,24.99,0
SO-500070,1,14,1,99.99,5
SO-500071,1,11,1,64.99,0
SO-500071,2,13,1,129.99,0
SO-500072,1,17,2,16.99,0
SO-500072,2,8,2,50.99,0
SO-500073,1,14,1,99.99,5
SO-500074,1,22,5,79.99,20
SO-500074,2,23,7,34.99,15
SO-500074,3,3,8,49.99,20
SO-500074,4,17,9,17.99,20
SO-500075,1,12,1,18.99,5
SO-500076,1,16,1,74.99,0
SO-500077,1,1,2,199.99,10
SO-500077,2,19,2,699.99,0
SO-500078,1,18,1,14.99,0
SO-500078,2,1,2,199.99,10
SO-500078,3,4,2,59.99,0
SO-500078,4,11,2,64.99,0
SO-500079,1,10,1,149.99,15
SO-500080,1,15,3,39.99,0
SO-500080,2,16,1,74.99,10
SO-500081,1,3,3,49.99,0
SO-500082,1,10,1,149.99,0
SO-500082,2,21,1,24.99,0
SO-500083,1,2,1,179.99,15
SO-500084,1,7,1,169.99,0
SO-500085,1,24,15,44.99,25
SO-500085,2,13,15,129.99,20
SO-500086,1,23,2,34.99,0
SO-500086,2,13,2,129.99,0
SO-500086,3,16,1,74.99,0
SO-500086,4,24,3,44.99,5
SO-500087,1,19,1,699.99,15
SO-500087,2,12,2,19.99,0
SO-500088,1,19,1,699.99,0
SO-500088,2,7,1,169.99,0
SO-500088,3,3,2,49.99,10
SO-500088,4,1,1,199.99,10
SO-500089,1,23,18,34.99,20
SO-500089,2,3,19,49.99,25
SO-500089,3,18,14,14.99,15
SO-500089,4,21,8,24.99,25
SO-500090,1,14,2,99.99,5
SO-500090,2,12,3,19.99,15
SO-500091,1,14,2,99.99,5
SO-500091,2,13,1,129.99,10
SO-500092,1,2,2,179.99,15
SO-500092,2,3,1,49.99,0
SO-500093,1,10,1,138.99,0
SO-500093,2,7,1,157.99,0
SO-500093,3,6,2,27.99,0
SO-500094,1,18,3,14.99,0
SO-500095,1,15,1,39.99,0
SO-500096,1,3,2,45.99,5
SO-500096,2,16,1,69.99,15
SO-500097,1,17,2,17.99,0
SO-500098,1,14,1,99.99,5
SO-500098,2,10,2,149.99,0
SO-500098,3,11,1,64.99,0
SO-500098,4,19,1,699.99,0
SO-500099,1,21,2,24.99,0
SO-500100,1,17,1,17.99,0
SO-500101,1,5,1,39.99,0
SO-500101,2,3,2,49.99,0
SO-500101,3,13,1,129.99,0
SO-500102,1,6,3,29.99,0
SO-500102,2,1,1,199.99,0
SO-500102,3,15,1,39.99,0
SO-500103,1,21,1,24.99,0
SO-500103,2,11,2,64.99,5
SO-500103,3,18,3,14.99,0
SO-500104,1,17,10,17.99,20
SO-500104,2,13,7,129.99,15
SO-500104,3,2,9,179.99,25
SO-500104,4,18,10,14.99,20
SO-500105,1,1,2,199.99,0
SO-500105,2,12,3,19.99,10
SO-500106,1,18,3,14.99,0
SO-500106,2,9,1,89.99,0
SO-500107,1,23,1,34.99,0
SO-500108,1,18,1,14.99,0
SO-500108,2,8,1,54.99,0
SO-500108,3,21,1,24.99,10
SO-500109,1,8,2,54.99,0
SO-500109,2,18,1,14.99,5
SO-500109,3,10,2,149.99,5
SO-500109,4,9,2,89.99,0
SO-500110,1,12,1,19.99,0
SO-500110,2,16,2,74.99,0
SO-500111,1,3,3,49.99,0
SO-500111,2,1,2,199.99,0
SO-500111,3,6,2,29.99,5
SO-500112,1,21,3,24.99,15
SO-500112,2,23,1,34.99,10
SO-500113,1,10,13,149.99,20
SO-500113,2,23,8,34.99,20
SO-500113,3,18,19,14.99,25
SO-500113,4,22,18,79.99,25
SO-500114,1,9,1,89.99,15
SO-500115,1,4,1,59.99,5
SO-500116,1,9,1,89.99,0
SO-500116,2,18,1,14.99,10
SO-500117,1,3,2,49.99,0
SO-500118,1,19,2,699.99,5
SO-500118,2,16,1,74.99,10
SO-500118,3,20,1,599.99,0
SO-500118,4,10,1,149.99,0
SO-500119,1,20,1,599.99,0
SO-500120,1,13,2,129.99,0
SO-500121,1,18,2,14.99,10
SO-500121,2,4,1,59.99,0
SO-500122,1,14,2,99.99,10
SO-500122,2,13,2,129.99,15
SO-500123,1,8,1,54.99,0
SO-500123,2,21,2,24.99,0
SO-500124,1,3,1,49.99,0
SO-500124,2,4,1,59.99,0
SO-500124,3,12,3,19.99,0
SO-500125,1,16,2,74.99,30
SO-500125,2,9,2,89.99,30
SO-500126,1,10,1,138.99,0
SO-500126,2,14,1,92.99,0
SO-500126,3,18,3,13.99,0
SO-500127,1,23,3,34.99,0
SO-500128,1,20,7,599.99,20
SO-500128,2,12,6,19.99,20
SO-500128,3,10,4,149.99,20
SO-500129,1,6,3,29.99,0
SO-500129,2,16,2,74.99,10
SO-500130,1,22,2,73.99,10
SO-500131,1,12,8,19.99,15
SO-500131,2,10,10,149.99,15
SO-500132,1,4,21,59.99,25
SO-500132,2,13,19,129.99,15
SO-500132,3,1,14,199.99,20
SO-500133,1,12,3,19.99,5
SO-500134,1,12,3,19.99,0
SO-500134,2,7,1,169.99,0
SO-500135,1,12,3,19.99,0
SO-500135,2,23,3,34.99,10
SO-500136,1,12,1,19.99,0
SO-500136,2,8,1,54.99,0
SO-500136,3,7,1,169.99,0
SO-500136,4,10,1,149.99,10
SO-500137,1,18,2,13.99,10
SO-500137,2,5,2,36.99,0
SO-500137,3,19,1,650.99,0
SO-500138,1,18,3,14.99,10
SO-500139,1,12,3,19.99,10
SO-500139,2,8,1,54.99,0
SO-500140,1,23,1,34.99,30
SO-500140,2,3,2,49.99,30
SO-500140,3,9,2,89.99,30
SO-500140,4,17,2,17.99,30
SO-500141,1,5,3,39.99,5
SO-500141,2,3,2,49.99,0
SO-500142,1,15,2,36.99,0
SO-500143,1,19,1,699.99,0
SO-500143,2,18,3,14.99,0
SO-500144,1,17,2,17.99,0
SO-500144,2,7,1,169.99,0
SO-500145,1,15,2,39.99,0
SO-500146,1,12,1,19.99,5
SO-500146,2,7,1,169.99,0
SO-500146,3,14,2,99.99,15
SO-500146,4,11,2,64.99,5
SO-500147,1,18,1,14.99,0
SO-500148,1,11,1,64.99,15
SO-500148,2,10,1,149.99,10
SO-500148,3,21,1,24.99,0
SO-500148,4,14,2,99.99,0
SO-500149,1,8,1,54.99,10
SO-500150,1,16,1,74.99,10
SO-500150,2,21,1,24.99,0
SO-500150,3,24,3,44.99,10
SO-500151,1,8,1,54.99,5
SO-500152,1,14,10,99.99,15
SO-500152,2,4,10,59.99,20
SO-500153,1,1,1,199.99,0
SO-500154,1,2,1,179.99,10
SO-500154,2,4,1,59.99,0
SO-500154,3,7,2,169.99,0
SO-500154,4,9,1,89.99,0
SO-500155,1,13,1,129.99,0
SO-500155,2,18,2,14.99,0
SO-500156,1,10,1,149.99,0
SO-500156,2,16,2,74.99,0
SO-500157,1,19,1,699.99,10
SO-500157,2,11,1,64.99,0
SO-500158,1,8,1,54.99,0
SO-500158,2,18,1,14.99,0
SO-500159,1,3,1,49.99,0
SO-500160,1,18,3,13.99,0
SO-500161,1,14,1,99.99,0
SO-500162,1,23,15,34.99,15
SO-500162,2,7,17,169.99,25
SO-500162,3,4,8,59.99,15
SO-500163,1,18,1,14.99,5
SO-500163,2,24,1,44.99,0
SO-500164,1,9,1,89.99,0
SO-500164,2,18,2,14.99,0
SO-500165,1,14,2,92.99,0
SO-500165,2,2,1,166.99,0
SO-500166,1,5,1,39.99,5
SO-500167,1,3,2,49.99,0
SO-500167,2,22,1,79.99,0
SO-500167,3,21,1,24.99,0
SO-500168,1,3,2,49.99,0
SO-500168,2,18,2,14.99,0
SO-500169,1,23,3,34.99,0
SO-500170,1,11,1,64.99,0
SO-500171,1,4,1,59.99,0
SO-500172,1,13,2,129.99,0
SO-500172,2,8,1,54.99,5
SO-500173,1,3,2,49.99,0
SO-500173,2,9,2,89.99,0
SO-500173,3,11,1,64.99,0
SO-500173,4,18,2,14.99,0
SO-500174,1,23,1,34.99,0
SO-500174,2,17,2,17.99,10
SO-500175,1,13,1,129.99,0
SO-500176,1,12,1,19.99,0
SO-500177,1,13,1,129.99,0
SO-500177,2,15,2,39.99,0
SO-500178,1,14,1,99.99,15
SO-500179,1,2,1,179.99,0
SO-500180,1,4,1,59.99,0
SO-500180,2,14,1,99.99,0
SO-500181,1,2,1,179.99,0
SO-500181,2,12,1,19.99,0
SO-500182,1,16,2,74.99,0
SO-500183,1,17,2,16.99,0
SO-500184,1,5,2,39.99,5
SO-500184,2,20,1,599.99,0
SO-500185,1,24,1,44.99,5
SO-500186,1,20,1,599.99,0
SO-500186,2,4,1,59.99,5
SO-500187,1,19,2,699.99,10
SO-500188,1,23,3,34.99,5
SO-500189,1,17,3,17.99,0
SO-500190,1,9,1,89.99,0
SO-500190,2,13,1,129.99,0
SO-500191,1,16,1,74.99,0
SO-500191,2,2,1,179.99,5
SO-500192,1,13,1,129.99,0
SO-500192,2,16,1,74.99,0
SO-500193,1,9,1,89.99,0
SO-500193,2,15,2,39.99,0
SO-500194,1,24,2,44.99,0
SO-500194,2,8,1,54.99,0
SO-500194,3,16,2,74.99,0
SO-500195,1,3,3,49.99,20
SO-500195,2,14,6,99.99,15
SO-500195,3,5,6,39.99,15
SO-500195,4,15,10,39.99,20
SO-500196,1,17,3,17.99,5
SO-500197,1,16,1,74.99,5
SO-500198,1,8,1,54.99,0
SO-500198,2,7,1,169.99,0
SO-500199,1,6,3,27.99,0
SO-500199,2,20,1,557.99,0
SO-500200,1,2,15,179.99,15
SO-500200,2,16,20,74.99,15
SO-500200,3,8,19,54.99,25
SO-500201,1,7,1,169.99,0
SO-500201,2,10,1,149.99,5
SO-500202,1,1,1,199.99,0
SO-500202,2,10,2,149.99,15
SO-500203,1,18,3,14.99,0
SO-500203,2,17,1,17.99,0
SO-500203,3,6,3,29.99,5
SO-500204,1,2,8,179.99,20
SO-500204,2,11,5,64.99,15
SO-500204,3,13,3,129.99,20
SO-500205,1,3,1,49.99,0
SO-500206,1,20,1,599.99,0
SO-500206,2,15,3,39.99,5
SO-500207,1,2,1,179.99,5
SO-500208,1,9,1,83.99,0
SO-500209,1,2,1,179.99,10
SO-500209,2,16,2,74.99,0
SO-500210,1,9,2,89.99,0
SO-500210,2,2,1,179.99,0
SO-500210,3,12,3,19.99,5
SO-500210,4,17,3,17.99,0
SO-500211,1,11,1,64.99,10
SO-500211,2,3,3,49.99,0
SO-500212,1,14,1,99.99,15
SO-500212,2,11,1,64.99,0
SO-500213,1,11,1,64.99,0
SO-500213,2,10,1,149.99,0
SO-500214,1,6,3,29.99,0
SO-500215,1,17,3,17.99,0
SO-500216,1,2,1,166.99,5
SO-500217,1,5,2,36.99,0
SO-500218,1,18,2,14.99,0
SO-500218,2,14,1,99.99,0
SO-500219,1,19,1,699.99,0
SO-500220,1,6,3,29.99,10
SO-500221,1,17,1,17.99,0
SO-500221,2,11,1,64.99,0
SO-500222,1,5,2,39.99,0
SO-500222,2,23,2,34.99,10
SO-500222,3,21,3,24.99,10
SO-500223,1,23,3,34.99,5
SO-500224,1,4,1,59.99,15
SO-500224,2,13,2,129.99,0
SO-500225,1,11,1,59.99,15
SO-500225,2,8,2,50.99,5
SO-500226,1,7,1,169.99,5
SO-500227,1,16,2,74.99,0
SO-500227,2,11,1,64.99,0
SO-500228,1,18,3,14.99,10
SO-500229,1,14,1,99.99,5
SO-500230,1,20,1,599.99,5
SO-500230,2,2,2,179.99,0
SO-500231,1,15,2,39.99,0
SO-500231,2,18,3,14.99,0
SO-500232,1,23,1,34.99,10
SO-500232,2,11,1,64.99,5
SO-500232,3,18,3,14.99,0
SO-500233,1,13,1,129.99,0
SO-500234,1,12,2,19.99,10
SO-500234,2,23,2,34.99,0
SO-500235,1,16,1,74.99,0
SO-500235,2,17,3,17.99,0
SO-500235,3,14,1,99.99,15
SO-500236,1,10,9,149.99,20
SO-500236,2,15,15,39.99,25
SO-500237,1,15,1,39.99,0
SO-500238,1,11,2,64.99,0
SO-500239,1,6,2,29.99,5
SO-500239,2,13,2,129.99,0
SO-500240,1,15,2,39.99,15
SO-500240,2,5,3,39.99,0
SO-500241,1,15,1,39.99,0
SO-500241,2,9,2,89.99,0
SO-500242,1,12,2,19.99,0
SO-500243,1,21,1,24.99,0
SO-500243,2,17,1,17.99,0
SO-500244,1,9,1,89.99,0
SO-500244,2,7,1,169.99,0
SO-500245,1,10,1,149.99,15
SO-500246,1,2,1,179.99,0
SO-500247,1,16,2,74.99,15
SO-500247,2,13,2,129.99,0
SO-500248,1,8,1,54.99,0
SO-500249,1,17,1,17.99,15
SO-500249,2,14,2,99.99,0
SO-500250,1,2,1,179.99,0
SO-500250,2,10,1,149.99,0
SO-500250,3,24,1,44.99,0
SO-500250,4,16,1,74.99,0
SO-500251,1,1,1,199.99,0
SO-500251,2,14,1,99.99,10
SO-500252,1,23,3,34.99,0
SO-500252,2,10,1,149.99,0
SO-500252,3,1,1,199.99,15
SO-500253,1,11,1,59.99,5
SO-500253,2,16,1,69.99,0
SO-500253,3,17,1,16.99,0
SO-500254,1,16,1,74.99,10
SO-500255,1,16,2,74.99,10
SO-500255,2,14,1,99.99,0
SO-500256,1,19,2,699.99,0
SO-500257,1,3,1,49.99,0
SO-500257,2,14,1,99.99,0
SO-500258,1,10,2,149.99,0
SO-500258,2,20,1,599.99,10
SO-500259,1,18,3,14.99,0
SO-500259,2,23,1,34.99,0
SO-500259,3,20,1,599.99,0
SO-500259,4,13,2,129.99,0
SO-500260,1,13,1,129.99,15
SO-500260,2,14,1,99.99,0
SO-500261,1,3,1,49.99,0
SO-500261,2,16,2,74.99,0
SO-500262,1,23,3,34.99,0
SO-500262,2,1,1,199.99,0
SO-500262,3,6,2,29.99,5
SO-500263,1,22,19,79.99,15
SO-500263,2,13,15,129.99,25
SO-500263,3,1,17,199.99,15
SO-500264,1,1,1,199.99,10
SO-500265,1,16,1,74.99,0
SO-500265,2,24,1,44.99,0
SO-500265,3,15,1,39.99,10
SO-500265,4,18,2,14.99,10
SO-500266,1,13,1,129.99,10
SO-500266,2,16,1,74.99,0
SO-500267,1,2,1,179.99,0
SO-500267,2,14,1,99.99,0
SO-500267,3,7,1,169.99,0
SO-500267,4,18,3,14.99,0
SO-500268,1,2,2,179.99,0
SO-500269,1,15,2,39.99,0
SO-500269,2,24,3,44.99,0
SO-500270,1,5,3,39.99,0
SO-500271,1,13,2,129.99,10
SO-500272,1,18,3,14.99,15
SO-500272,2,8,2,54.99,0
SO-500273,1,5,2,39.99,0
SO-500274,1,11,9,64.99,15
SO-500274,2,3,5,49.99,15
SO-500275,1,17,1,17.99,10
SO-500275,2,12,3,19.99,0
SO-500275,3,10,2,149.99,0
SO-500275,4,4,1,59.99,0
SO-500276,1,3,1,49.99,0
SO-500276,2,9,1,89.99,0
SO-500276,3,1,1,199.99,0
SO-500277,1,18,2,14.99,0
SO-500278,1,20,2,599.99,10
SO-500278,2,16,1,74.99,0
SO-500279,1,16,4,74.99,15
SO-500279,2,17,5,17.99,20
SO-500279,3,11,6,64.99,15
SO-500280,1,4,1,59.99,0
SO-500280,2,1,1,199.99,0
SO-500281,1,15,3,39.99,0
SO-500282,1,7,1,169.99,0
SO-500283,1,14,2,92.99,0
SO-500283,2,5,3,36.99,0
SO-500284,1,24,3,44.99,10
SO-500284,2,3,2,49.99,5
SO-500285,1,7,1,169.99,0
SO-500285,2,8,1,54.99,0
SO-500286,1,18,3,14.99,0
SO-500286,2,9,1,89.99,0
SO-500286,3,13,2,129.99,0
SO-500286,4,2,1,179.99,5
SO-500287,1,7,1,169.99,15
SO-500288,1,9,2,89.99,0
SO-500288,2,17,3,17.99,0
SO-500289,1,24,2,44.99,15
SO-500289,2,9,1,89.99,15
SO-500289,3,21,2,24.99,15
SO-500289,4,13,1,129.99,0
SO-500290,1,4,1,55.99,5
SO-500291,1,11,8,64.99,20
SO-500291,2,14,10,99.99,20
SO-500291,3,15,8,39.99,20
SO-500292,1,9,1,89.99,0
SO-500292,2,5,1,39.99,0
SO-500292,3,11,1,64.99,0
SO-500293,1,2,1,179.99,15
SO-500294,1,21,1,24.99,0
SO-500294,2,9,1,89.99,0
SO-500295,1,19,1,699.99,0
SO-500296,1,20,1,599.99,5
SO-500296,2,15,1,39.99,15
SO-500296,3,4,1,59.99,0
SO-500297,1,17,2,17.99,0
SO-500297,2,13,1,129.99,0
SO-500298,1,12,2,19.99,0
SO-500298,2,11,1,64.99,0
SO-500298,3,13,1,129.99,5
SO-500298,4,1,1,199.99,5
SO-500299,1,17,2,17.99,0
SO-500299,2,1,2,199.99,10
SO-500299,3,14,1,99.99,0
SO-500300,1,16,1,74.99,5
SO-500300,2,8,1,54.99,0
SO-500300,3,10,1,149.99,10
SO-500301,1,16,1,74.99,0
SO-500301,2,14,1,99.99,0
SO-500302,1,17,3,17.99,0
SO-500302,2,16,1,74.99,5
SO-500303,1,22,1,79.99,15
SO-500303,2,10,1,149.99,0
SO-500304,1,9,2,89.99,0
SO-500305,1,11,1,64.99,0
SO-500306,1,13,1,129.99,5
SO-500307,1,16,1,74.99,10
SO-500307,2,11,1,64.99,5
SO-500307,3,6,3,29.99,5
SO-500307,4,20,2,599.99,5
SO-500308,1,20,1,599.99,10
SO-500308,2,16,1,74.99,0
SO-500309,1,15,3,39.99,0
SO-500310,1,22,1,79.99,0
SO-500311,1,7,1,157.99,0
SO-500312,1,10,1,149.99,0
SO-500313,1,11,1,64.99,5
SO-500314,1,6,3,29.99,0
SO-500314,2,11,1,64.99,10
SO-500315,1,12,3,19.99,15
SO-500315,2,10,2,149.99,0
SO-500316,1,14,2,99.99,0
SO-500317,1,5,3,39.99,0
SO-500318,1,14,2,99.99,0
SO-500318,2,7,1,169.99,5
SO-500319,1,15,1,39.99,10
SO-500319,2,17,3,17.99,0
SO-500320,1,13,1,129.99,5
SO-500320,2,23,2,34.99,5
SO-500321,1,8,1,54.99,10
SO-500321,2,13,1,129.99,0
SO-500322,1,9,1,89.99,10
SO-500322,2,20,1,599.99,0
SO-500322,3,21,2,24.99,0
SO-500323,1,20,1,599.99,0
SO-500323,2,18,3,14.99,0
SO-500324,1,12,10,19.99,20
SO-500324,2,3,3,49.99,15
SO-500325,1,5,1,36.99,0
SO-500326,1,1,1,199.99,0
SO-500326,2,4,2,59.99,0
SO-500327,1,3,2,49.99,5
SO-500327,2,9,2,89.99,10
SO-500328,1,17,3,16.99,5
SO-500329,1,18,2,14.99,0
SO-500330,1,12,1,19.99,0
SO-500330,2,9,1,89.99,5
SO-500331,1,17,1,16.99,0
SO-500332,1,8,2,54.99,0
SO-500332,2,4,1,59.99,0
SO-500332,3,9,1,89.99,0
SO-500333,1,11,1,64.99,5
SO-500334,1,6,2,29.99,0
SO-500334,2,18,2,14.99,5
SO-500334,3,16,2,74.99,0
SO-500335,1,23,3,34.99,10
SO-500335,2,8,1,54.99,10
SO-500336,1,18,3,14.99,5
SO-500337,1,3,3,49.99,10
SO-500337,2,18,1,14.99,0
SO-500338,1,20,2,599.99,5
SO-500338,2,9,1,89.99,0
SO-500339,1,8,1,50.99,10
SO-500339,2,16,1,69.99,10
SO-500340,1,18,3,14.99,0
SO-500340,2,4,1,59.99,0
SO-500341,1,17,2,17.99,0
SO-500341,2,13,2,129.99,0
SO-500341,3,10,1,149.99,0
SO-500341,4,14,1,99.99,15
SO-500342,1,7,1,169.99,10
SO-500342,2,10,1,149.99,0
SO-500342,3,19,1,699.99,0
SO-500343,1,18,1,14.99,0
SO-500344,1,7,1,169.99,15
SO-500344,2,17,2,17.99,10
SO-500345,1,14,2,99.99,0
SO-500345,2,18,1,14.99,0
SO-500345,3,20,1,599.99,15
SO-500345,4,21,1,24.99,0
SO-500346,1,1,6,199.99,20
SO-500346,2,4,7,59.99,15
SO-500346,3,19,6,699.99,25
SO-500347,1,17,3,17.99,0
SO-500348,1,7,2,157.99,0
SO-500348,2,12,1,18.99,0
SO-500348,3,19,1,650.99,15
SO-500349,1,21,2,24.99,5
SO-500349,2,2,2,179.99,5
SO-500350,1,17,2,17.99,0
SO-500350,2,12,3,19.99,10
SO-500351,1,9,2,89.99,10
SO-500351,2,16,2,74.99,0
SO-500352,1,3,1,49.99,5
SO-500352,2,15,3,39.99,5
SO-500353,1,8,1,54.99,10
SO-500354,1,9,1,89.99,0
SO-500355,1,11,2,64.99,0
SO-500355,2,23,2,34.99,5
SO-500356,1,15,3,39.99,0
SO-500356,2,13,1,129.99,0
SO-500357,1,7,1,169.99,0
SO-500358,1,21,1,22.99,15
SO-500358,2,15,1,36.99,0
SO-500359,1,3,2,49.99,0
SO-500359,2,9,2,89.99,5
SO-500360,1,6,3,29.99,5
SO-500360,2,3,2,49.99,0
SO-500360,3,20,1,599.99,15
SO-500361,1,2,2,179.99,0
SO-500362,1,18,3,14.99,5
SO-500363,1,24,1,44.99,5
SO-500363,2,3,1,49.99,0
SO-500364,1,18,2,14.99,0
SO-500364,2,12,1,19.99,0
SO-500365,1,21,2,24.99,0
SO-500366,1,11,2,64.99,0
SO-500366,2,24,3,44.99,5
SO-500367,1,4,1,59.99,0
SO-500367,2,24,1,44.99,0
SO-500367,3,3,1,49.99,0
SO-500367,4,15,2,39.99,0
SO-500368,1,22,1,79.99,5
SO-500368,2,1,2,199.99,5
SO-500369,1,4,2,55.99,0
SO-500369,2,21,3,22.99,0
SO-500370,1,12,3,19.99,10
SO-500370,2,13,2,129.99,10
SO-500371,1,5,1,36.99,0
SO-500372,1,11,1,64.99,10
SO-500373,1,2,1,179.99,5
SO-500373,2,11,2,64.99,5
SO-500373,3,10,1,149.99,0
SO-500373,4,14,1,99.99,0
SO-500374,1,1,1,199.99,0
SO-500375,1,9,1,89.99,0
SO-500376,1,16,2,74.99,0
SO-500377,1,24,3,44.99,0
SO-500377,2,18,1,14.99,5
SO-500378,1,24,1,44.99,0
SO-500378,2,19,1,699.99,0
SO-500378,3,23,2,34.99,0
SO-500378,4,14,1,99.99,10
SO-500379,1,13,1,129.99,15
SO-500379,2,19,1,699.99,0
SO-500380,1,23,1,34.99,0
SO-500381,1,11,2,64.99,10
SO-500381,2,18,3,14.99,15
SO-500382,1,9,1,89.99,0
SO-500382,2,15,3,39.99,0
SO-500383,1,22,1,79.99,10
SO-500383,2,14,2,99.99,0
SO-500383,3,23,2,34.99,0
SO-500384,1,8,1,54.99,0
SO-500384,2,11,1,64.99,15
SO-500385,1,20,1,599.99,10
SO-500386,1,5,3,39.99,0
SO-500386,2,4,1,59.99,0
SO-500387,1,1,2,199.99,10
SO-500388,1,15,2,39.99,0
SO-500389,1,9,2,83.99,0
SO-500389,2,17,1,16.99,5
SO-500390,1,22,2,79.99,0
SO-500390,2,23,3,34.99,0
SO-500391,1,5,2,39.99,0
SO-500392,1,13,1,129.99,15
SO-500393,1,8,1,54.99,0
SO-500394,1,8,1,54.99,0
SO-500394,2,24,1,44.99,5
SO-500394,3,18,3,14.99,10
SO-500394,4,7,2,169.99,15
SO-500395,1,7,2,169.99,0
SO-500396,1,9,8,89.99,25
SO-500396,2,2,18,179.99,25
SO-500397,1,5,1,39.99,0
SO-500397,2,8,1,54.99,15
SO-500398,1,9,9,89.99,20
SO-500398,2,23,3,34.99,15
SO-500399,1,9,1,89.99,10
SO-500399,2,7,1,169.99,0
SO-500400,1,23,3,34.99,20
SO-500400,2,8,8,54.99,15
SO-500401,1,13,1,129.99,0
SO-500402,1,18,2,14.99,0
SO-500402,2,14,1,99.99,0
SO-500403,1,7,1,169.99,15
SO-500403,2,1,1,199.99,0
SO-500403,3,11,1,64.99,15
SO-500403,4,15,2,39.99,0
SO-500404,1,10,1,149.99,0
SO-500404,2,16,1,74.99,0
SO-500405,1,11,1,64.99,10
SO-500405,2,1,1,199.99,0
SO-500406,1,12,2,19.99,30
SO-500407,1,4,2,59.99,0
SO-500407,2,5,3,39.99,15
SO-500407,3,24,3,44.99,0
SO-500408,1,15,2,36.99,5
SO-500409,1,8,1,54.99,10
SO-500409,2,19,2,699.99,0
SO-500410,1,4,2,59.99,5
SO-500410,2,6,2,29.99,0
SO-500411,1,2,1,179.99,10
SO-500411,2,12,3,19.99,0
SO-500411,3,20,1,599.99,0
SO-500411,4,24,1,44.99,0
SO-500412,1,19,2,699.99,0
SO-500412,2,8,1,54.99,0
SO-500413,1,8,2,54.99,0
SO-500413,2,7,1,169.99,0
SO-500414,1,5,2,39.99,0
SO-500415,1,4,1,59.99,5
SO-500415,2,7,1,169.99,0
SO-500416,1,12,10,19.99,20
SO-500416,2,4,8,59.99,25
SO-500417,1,24,2,44.99,5
SO-500418,1,4,1,59.99,15
SO-500419,1,19,1,699.99,0
SO-500419,2,24,3,44.99,15
SO-500420,1,23,2,34.99,5
SO-500420,2,13,1,129.99,0
SO-500421,1,11,1,64.99,10
SO-500422,1,21,3,24.99,0
SO-500422,2,17,2,17.99,0
SO-500423,1,11,1,64.99,10
SO-500423,2,17,3,17.99,0
SO-500424,1,6,3,29.99,0
SO-500425,1,13,1,129.99,0
SO-500426,1,10,2,149.99,0
SO-500426,2,24,3,44.99,10
SO-500426,3,5,3,39.99,0
SO-500427,1,3,2,49.99,10
SO-500427,2,6,1,29.99,0
SO-500428,1,16,1,74.99,0
SO-500429,1,18,2,14.99,5
SO-500429,2,8,1,54.99,0
SO-500430,1,18,3,14.99,0
SO-500431,1,8,1,54.99,10
SO-500432,1,14,2,92.99,0
SO-500432,2,16,2,69.99,0
SO-500433,1,17,2,17.99,0
SO-500433,2,5,1,39.99,0
SO-500434,1,15,3,36.99,10
SO-500435,1,12,1,19.99,0
SO-500435,2,19,1,699.99,0
SO-500435,3,13,1,129.99,5
SO-500435,4,14,1,99.99,15
SO-500436,1,23,2,34.99,0
SO-500436,2,4,2,59.99,0
SO-500437,1,24,7,44.99,25
SO-500437,2,19,10,699.99,20
SO-500438,1,12,1,19.99,0
SO-500438,2,22,1,79.99,10
SO-500439,1,22,1,79.99,15
SO-500440,1,17,1,17.99,0
SO-500440,2,12,2,19.99,0
SO-500440,3,23,1,34.99,0
SO-500440,4,16,1,74.99,0
SO-500441,1,10,2,149.99,5
SO-500441,2,3,2,49.99,5
SO-500442,1,15,20,39.99,20
SO-500442,2,11,14,64.99,20
SO-500442,3,22,21,79.99,15
SO-500443,1,20,2,599.99,5
SO-500443,2,18,2,14.99,0
SO-500443,3,14,2,99.99,0
SO-500444,1,17,3,17.99,0
SO-500444,2,22,2,79.99,0
SO-500445,1,16,1,74.99,0
SO-500445,2,20,1,599.99,0
SO-500446,1,11,21,64.99,25
SO-500446,2,15,16,39.99,15
SO-500446,3,16,10,74.99,25
SO-500447,1,8,1,54.99,10
SO-500448,1,11,2,64.99,0
SO-500449,1,6,3,29.99,0
SO-500450,1,1,1,185.99,10
SO-500451,1,7,1,157.99,5
SO-500451,2,23,2,32.99,10
SO-500451,3,17,1,16.99,10
SO-500451,4,2,1,166.99,0
SO-500452,1,13,1,129.99,15
SO-500452,2,8,2,54.99,0
SO-500453,1,6,1,29.99,0
SO-500453,2,2,1,179.99,0
SO-500454,1,13,1,129.99,0
SO-500454,2,20,2,599.99,0
SO-500454,3,17,1,17.99,0
SO-500454,4,2,2,179.99,0
SO-500455,1,5,2,39.99,5
SO-500455,2,9,1,89.99,10
SO-500456,1,2,1,179.99,0
SO-500456,2,7,1,169.99,10
SO-500457,1,11,1,64.99,0
SO-500457,2,5,2,39.99,15
SO-500458,1,9,2,89.99,0
SO-500459,1,11,1,64.99,15
SO-500459,2,12,2,19.99,0
SO-500460,1,19,2,699.99,30
SO-500461,1,10,1,149.99,10
SO-500462,1,15,3,39.99,10
SO-500462,2,2,1,179.99,0
SO-500463,1,24,2,44.99,15
SO-500463,2,17,3,17.99,0
SO-500464,1,8,1,54.99,0
SO-500464,2,12,1,19.99,10
SO-500465,1,14,1,99.99,0
SO-500465,2,8,1,54.99,5
SO-500465,3,1,1,199.99,5
SO-500465,4,13,2,129.99,5
SO-500466,1,9,1,89.99,0
SO-500466,2,21,1,24.99,0
SO-500466,3,18,2,14.99,0
SO-500467,1,13,1,129.99,0
SO-500467,2,19,2,699.99,15
SO-500468,1,1,1,199.99,10
SO-500469,1,4,1,59.99,5
SO-500469,2,8,1,54.99,5
SO-500470,1,3,1,49.99,0
SO-500470,2,19,2,699.99,0
SO-500470,3,11,1,64.99,0
SO-500471,1,19,1,699.99,10
SO-500471,2,9,1,89.99,0
SO-500471,3,7,1,169.99,0
SO-500472,1,17,3,17.99,10
SO-500473,1,1,2,199.99,5
SO-500474,1,20,1,599.99,10
SO-500475,1,10,1,149.99,5
SO-500476,1,21,1,24.99,0
SO-500477,1,10,2,149.99,0
SO-500478,1,23,21,34.99,15
SO-500478,2,22,20,79.99,20
SO-500478,3,12,21,19.99,15
SO-500479,1,1,1,199.99,0
SO-500479,2,2,1,179.99,0
SO-500480,1,24,2,41.99,5
SO-500480,2,11,1,59.99,0
SO-500480,3,13,1,120.99,0
SO-500481,1,18,2,13.99,10
SO-500481,2,8,1,50.99,0
SO-500482,1,6,2,29.99,0
SO-500482,2,5,1,39.99,0
SO-500483,1,19,1,699.99,15
SO-500483,2,14,1,99.99,10
SO-500483,3,12,2,19.99,0
SO-500483,4,11,2,64.99,5
SO-500484,1,23,2,34.99,0
SO-500484,2,10,1,149.99,5
SO-500485,1,16,1,74.99,10
SO-500485,2,15,3,39.99,0
SO-500486,1,21,2,24.99,0
SO-500486,2,19,1,699.99,0
SO-500487,1,4,2,59.99,0
SO-500487,2,11,1,64.99,15
SO-500488,1,22,2,79.99,0
SO-500489,1,18,3,14.99,5
SO-500490,1,5,2,39.99,0
SO-500490,2,12,3,19.99,0
SO-500491,1,8,1,54.99,15
SO-500491,2,6,2,29.99,5
SO-500492,1,13,1,129.99,0
SO-500493,1,15,2,39.99,5
SO-500493,2,18,1,14.99,0
SO-500494,1,1,9,199.99,25
SO-500494,2,11,14,64.99,25
SO-500495,1,23,3,34.99,10
SO-500495,2,19,2,699.99,5
SO-500496,1,5,2,39.99,10
SO-500497,1,1,1,199.99,0
SO-500497,2,20,2,599.99,0
SO-500497,3,9,2,89.99,10
SO-500497,4,13,2,129.99,10
SO-500498,1,18,3,14.99,0
SO-500498,2,2,1,179.99,0
SO-500498,3,24,2,44.99,10
SO-500499,1,12,1,19.99,15
SO-500499,2,7,2,169.99,10
SO-500499,3,4,1,59.99,5
SO-500499,4,16,2,74.99,5
SO-500500,1,9,1,89.99,10
SO-500501,1,16,1,74.99,10
SO-500501,2,8,2,54.99,0
SO-500502,1,1,1,199.99,5
SO-500503,1,6,2,29.99,0
SO-500503,2,8,2,54.99,0
SO-500504,1,23,3,34.99,0
SO-500504,2,2,1,179.99,15
SO-500504,3,7,1,169.99,0
SO-500505,1,13,2,129.99,10
SO-500506,1,2,1,179.99,5
SO-500506,2,22,2,79.99,0
SO-500507,1,12,13,19.99,20
SO-500507,2,24,14,44.99,20
SO-500507,3,21,20,24.99,15
SO-500508,1,24,2,44.99,0
SO-500508,2,5,2,39.99,0
SO-500509,1,22,1,79.99,5
SO-500510,1,15,16,39.99,25
SO-500510,2,17,16,17.99,15
SO-500511,1,14,17,99.99,20
SO-500511,2,9,15,89.99,20
SO-500512,1,8,7,54.99,20
SO-500512,2,7,5,169.99,20
SO-500513,1,18,3,14.99,0
SO-500514,1,5,11,39.99,15
SO-500514,2,1,9,199.99,20
SO-500514,3,12,19,19.99,25
SO-500514,4,6,12,29.99,15
SO-500515,1,10,1,149.99,0
SO-500515,2,3,2,49.99,5
SO-500515,3,12,3,19.99,0
SO-500515,4,15,1,39.99,0
SO-500516,1,10,1,149.99,0
SO-500516,2,2,2,179.99,10
SO-500517,1,12,2,19.99,10
SO-500517,2,10,1,149.99,0
SO-500517,3,7,1,169.99,0
SO-500518,1,7,2,157.99,0
SO-500518,2,14,1,92.99,0
SO-500518,3,17,2,16.99,0
SO-500519,1,21,1,24.99,0
SO-500519,2,5,3,39.99,0
SO-500520,1,2,1,179.99,0
SO-500521,1,2,2,166.99,0
SO-500522,1,16,2,74.99,15
SO-500523,1,5,2,36.99,10
SO-500523,2,2,2,166.99,0
SO-500524,1,11,1,64.99,0
SO-500524,2,17,2,17.99,5
SO-500524,3,21,3,24.99,0
SO-500525,1,3,2,49.99,10
SO-500526,1,8,2,54.99,0
SO-500527,1,11,2,64.99,0
SO-500527,2,21,2,24.99,0
SO-500528,1,18,1,14.99,0
SO-500528,2,7,1,169.99,0
SO-500528,3,14,1,99.99,10
SO-500529,1,11,1,64.99,10
SO-500529,2,24,2,44.99,5
SO-500530,1,16,1,74.99,0
SO-500530,2,18,3,14.99,0
SO-500531,1,10,1,149.99,0
SO-500532,1,8,2,54.99,0
SO-500532,2,18,2,14.99,0
SO-500533,1,18,2,14.99,0
SO-500533,2,13,2,129.99,0
SO-500534,1,9,1,89.99,15
SO-500534,2,7,1,169.99,10
SO-500534,3,17,3,17.99,10
SO-500535,1,21,2,22.99,10
SO-500535,2,17,2,16.99,0
SO-500536,1,22,1,79.99,0
SO-500536,2,10,1,149.99,5
SO-500537,1,4,1,59.99,0
SO-500538,1,2,1,179.99,15
SO-500538,2,16,1,74.99,5
SO-500539,1,4,1,59.99,0
SO-500540,1,4,1,59.99,0
SO-500541,1,14,1,99.99,0
SO-500541,2,6,2,29.99,0
SO-500542,1,10,1,149.99,15
SO-500542,2,5,1,39.99,0
SO-500543,1,4,1,59.99,0
SO-500544,1,8,1,54.99,0
SO-500544,2,20,1,599.99,15
SO-500545,1,5,2,39.99,10
SO-500546,1,8,1,54.99,15
SO-500547,1,11,1,64.99,0
SO-500548,1,14,1,99.99,0
SO-500548,2,7,2,169.99,10
SO-500549,1,12,1,19.99,0
SO-500550,1,8,1,54.99,0
SO-500551,1,14,1,99.99,0
SO-500552,1,13,1,120.99,0
SO-500553,1,7,1,169.99,0
SO-500554,1,7,1,169.99,5
SO-500554,2,19,2,699.99,0
SO-500554,3,10,1,149.99,15
SO-500554,4,2,1,179.99,0
SO-500555,1,10,2,149.99,5
SO-500555,2,14,2,99.99,0
SO-500555,3,18,2,14.99,5
SO-500556,1,8,2,54.99,30
SO-500557,1,11,1,64.99,0
SO-500558,1,11,8,59.99,15
SO-500558,2,13,9,120.99,15
SO-500558,3,14,10,92.99,15
SO-500558,4,16,4,69.99,15
SO-500559,1,6,1,29.99,5
SO-500559,2,3,1,49.99,0
SO-500560,1,3,1,49.99,0
SO-500560,2,6,2,29.99,10
SO-500560,3,22,1,79.99,0
SO-500561,1,12,6,19.99,15
SO-500561,2,5,8,39.99,15
SO-500561,3,1,10,199.99,15
SO-500561,4,18,4,14.99,15
SO-500562,1,16,1,69.99,15
SO-500563,1,10,1,149.99,15
SO-500564,1,13,1,129.99,0
SO-500564,2,17,1,17.99,0
SO-500565,1,12,1,19.99,0
SO-500566,1,16,1,74.99,0
SO-500566,2,22,2,79.99,0
SO-500567,1,18,1,14.99,0
SO-500568,1,2,1,179.99,0
SO-500569,1,3,1,49.99,0
SO-500569,2,1,1,199.99,10
SO-500570,1,6,1,29.99,10
SO-500571,1,13,1,129.99,0
SO-500571,2,11,1,64.99,0
SO-500572,1,9,1,89.99,0
SO-500573,1,10,1,149.99,0
SO-500573,2,4,1,59.99,10
SO-500574,1,15,9,39.99,20
SO-500574,2,6,10,29.99,15
SO-500575,1,19,1,699.99,10
SO-500575,2,18,3,14.99,5
SO-500576,1,11,1,64.99,0
SO-500576,2,3,3,49.99,15
SO-500577,1,9,1,89.99,0
SO-500577,2,3,2,49.99,5
SO-500578,1,4,1,59.99,0
SO-500578,2,10,2,149.99,5
SO-500579,1,16,2,74.99,10
SO-500580,1,12,1,19.99,0
SO-500581,1,2,1,179.99,0
SO-500582,1,17,2,17.99,0
SO-500583,1,14,1,99.99,10
SO-500584,1,21,1,22.99,5
SO-500585,1,20,1,599.99,5
SO-500585,2,6,2,29.99,0
SO-500586,1,5,3,36.99,0
SO-500586,2,12,3,18.99,0
SO-500587,1,4,1,55.99,5
SO-500587,2,17,1,16.99,10
SO-500588,1,2,10,179.99,15
SO-500588,2,18,8,14.99,20
SO-500589,1,22,1,79.99,5
SO-500589,2,14,2,99.99,0
SO-500589,3,7,1,169.99,0
SO-500589,4,1,1,199.99,15
SO-500590,1,14,2,99.99,0
SO-500591,1,18,1,14.99,0
SO-500591,2,5,3,39.99,0
SO-500592,1,19,1,699.99,15
SO-500592,2,8,2,54.99,0
SO-500593,1,10,1,149.99,0
SO-500594,1,8,2,50.99,0
SO-500594,2,13,1,120.99,0
SO-500594,3,16,1,69.99,0
SO-500594,4,5,3,36.99,5
SO-500595,1,14,2,99.99,0
SO-500596,1,7,2,169.99,10
SO-500596,2,10,1,149.99,5
SO-500596,3,14,1,99.99,0
SO-500596,4,16,1,74.99,0
SO-500597,1,10,1,149.99,0
SO-500597,2,20,1,599.99,0
SO-500598,1,11,1,64.99,10
SO-500598,2,13,1,129.99,0
SO-500599,1,14,1,99.99,0
SO-500599,2,4,2,59.99,10
SO-500600,1,1,1,199.99,15
SO-500601,1,23,1,32.99,0
SO-500601,2,17,1,16.99,10
SO-500602,1,10,1,138.99,0
SO-500602,2,7,1,157.99,10
SO-500602,3,9,2,83.99,5
SO-500603,1,18,3,14.99,0
SO-500603,2,13,2,129.99,5
SO-500604,1,17,1,16.99,15
SO-500604,2,19,2,650.99,5
SO-500605,1,3,2,49.99,15
SO-500605,2,16,1,74.99,0
SO-500606,1,16,1,74.99,0
SO-500606,2,23,2,34.99,0
SO-500607,1,11,2,64.99,10
SO-500607,2,20,1,599.99,10
SO-500607,3,17,3,17.99,0
SO-500608,1,17,3,17.99,5
SO-500609,1,3,4,49.99,20
SO-500609,2,1,4,199.99,15
SO-500609,3,15,9,39.99,15
SO-500609,4,23,10,34.99,20
SO-500610,1,23,1,34.99,0
SO-500611,1,19,1,699.99,0
SO-500612,1,16,1,74.99,0
SO-500612,2,13,1,129.99,0
SO-500612,3,9,2,89.99,0
SO-500612,4,1,1,199.99,0
SO-500613,1,14,1,99.99,15
SO-500614,1,2,2,179.99,0
SO-500614,2,5,2,39.99,5
SO-500615,1,7,1,169.99,0
SO-500616,1,6,2,27.99,0
SO-500616,2,9,2,83.99,0
SO-500617,1,10,1,149.99,10
SO-500617,2,8,2,54.99,5
SO-500618,1,4,1,59.99,0
SO-500618,2,14,1,99.99,0
SO-500619,1,18,2,14.99,0
SO-500620,1,8,1,54.99,10
SO-500621,1,15,2,39.99,5
SO-500622,1,5,3,39.99,10
SO-500622,2,19,1,699.99,0
SO-500622,3,12,2,19.99,0
SO-500623,1,13,2,129.99,5
SO-500623,2,15,2,39.99,0
SO-500623,3,6,3,29.99,0
SO-500623,4,20,1,599.99,10
SO-500624,1,18,2,13.99,0
SO-500625,1,6,3,29.99,0
SO-500626,1,21,1,24.99,0
SO-500627,1,2,1,179.99,15
SO-500628,1,23,3,34.99,10
SO-500629,1,13,1,120.99,0
SO-500630,1,5,1,39.99,0
SO-500630,2,16,2,74.99,0
SO-500631,1,20,1,599.99,0
SO-500632,1,9,2,89.99,10
SO-500633,1,19,2,699.99,0
SO-500633,2,24,2,44.99,0
SO-500634,1,2,1,179.99,10
SO-500635,1,11,2,59.99,15
SO-500635,2,9,1,83.99,10
SO-500635,3,7,1,157.99,0
SO-500635,4,16,1,69.99,0
SO-500636,1,20,1,599.99,5
SO-500636,2,18,2,14.99,0
SO-500636,3,16,2,74.99,15
SO-500637,1,24,2,44.99,15
SO-500638,1,8,1,54.99,0
SO-500638,2,20,1,599.99,5
SO-500639,1,7,1,169.99,0
SO-500639,2,1,1,199.99,0
SO-500640,1,7,1,169.99,0
SO-500641,1,13,1,129.99,0
SO-500641,2,11,1,64.99,15
SO-500641,3,15,2,39.99,5
SO-500641,4,17,3,17.99,0
SO-500642,1,12,3,18.99,15
SO-500642,2,15,2,36.99,0
SO-500643,1,16,1,74.99,10
SO-500644,1,2,1,179.99,0
SO-500644,2,8,1,54.99,5
SO-500645,1,23,1,34.99,15
SO-500646,1,18,1,14.99,5
SO-500647,1,17,1,17.99,0
SO-500647,2,18,3,14.99,0
SO-500648,1,11,1,59.99,5
SO-500648,2,18,1,13.99,0
SO-500649,1,21,1,24.99,5
SO-500649,2,5,1,39.99,0
SO-500650,1,18,1,14.99,5
SO-500650,2,4,1,59.99,15
SO-500651,1,18,3,14.99,0
SO-500651,2,24,2,44.99,5
SO-500652,1,24,3,44.99,0
SO-500652,2,9,2,89.99,0
SO-500652,3,21,1,24.99,0
SO-500653,1,11,2,64.99,0
SO-500654,1,21,1,24.99,10
SO-500654,2,13,1,129.99,0
SO-500654,3,9,1,89.99,0
SO-500655,1,13,2,129.99,0
SO-500656,1,23,2,34.99,0
SO-500656,2,9,2,89.99,0
SO-500656,3,20,2,599.99,0
SO-500656,4,14,1,99.99,10
SO-500657,1,17,1,17.99,0
SO-500657,2,11,1,64.99,0
SO-500658,1,9,1,89.99,0
SO-500659,1,16,1,74.99,0
SO-500659,2,14,1,99.99,0
SO-500660,1,11,1,64.99,0
SO-500661,1,19,2,699.99,0
SO-500662,1,13,1,129.99,0
SO-500663,1,3,3,49.99,0
SO-500663,2,20,1,599.99,0
SO-500664,1,12,2,19.99,0
SO-500664,2,6,3,29.99,0
SO-500664,3,17,2,17.99,0
SO-500665,1,11,2,64.99,5
SO-500665,2,13,1,129.99,10
SO-500666,1,12,3,19.99,15
SO-500666,2,9,1,89.99,5
SO-500666,3,7,1,169.99,0
SO-500666,4,10,1,149.99,5
SO-500667,1,18,2,14.99,0
SO-500667,2,19,1,699.99,0
SO-500668,1,18,1,14.99,15
SO-500668,2,6,3,29.99,15
SO-500669,1,6,1,29.99,0
SO-500670,1,14,1,99.99,0
SO-500670,2,4,1,59.99,0
SO-500671,1,10,1,149.99,0
SO-500672,1,24,2,44.99,0
SO-500673,1,14,1,99.99,0
SO-500674,1,11,1,64.99,0
SO-500674,2,1,1,199.99,10
SO-500674,3,10,2,149.99,0
SO-500674,4,12,2,19.99,5
SO-500675,1,23,4,34.99,20
SO-500675,2,19,8,699.99,15
SO-500675,3,17,8,17.99,25
SO-500675,4,5,3,39.99,15
SO-500676,1,11,1,64.99,0
SO-500676,2,21,3,24.99,10
SO-500676,3,20,1,599.99,15
SO-500676,4,22,1,79.99,0
SO-500677,1,18,2,13.99,0
SO-500678,1,22,1,79.99,0
SO-500679,1,19,1,699.99,0
SO-500680,1,19,1,699.99,0
SO-500680,2,2,1,179.99,0
SO-500681,1,15,1,39.99,0
SO-500681,2,18,3,14.99,10
SO-500682,1,21,3,24.99,0
SO-500682,2,24,3,44.99,0
SO-500682,3,19,1,699.99,0
SO-500683,1,15,1,39.99,0
SO-500683,2,23,3,34.99,0
SO-500684,1,15,1,36.99,0
SO-500685,1,4,2,59.99,15
SO-500685,2,15,2,39.99,0
SO-500685,3,10,2,149.99,10
SO-500685,4,17,3,17.99,0
SO-500686,1,23,2,32.99,0
SO-500687,1,17,3,17.99,0
SO-500688,1,23,1,34.99,0
SO-500688,2,2,1,179.99,0
SO-500689,1,7,1,157.99,0
SO-500690,1,9,1,89.99,0
SO-500690,2,1,2,199.99,0
SO-500690,3,10,1,149.99,5
SO-500690,4,3,1,49.99,10
SO-500691,1,5,3,39.99,5
SO-500692,1,8,1,54.99,15
SO-500692,2,14,1,99.99,0
SO-500693,1,9,1,89.99,0
SO-500693,2,14,2,99.99,0
SO-500694,1,15,1,36.99,5
SO-500694,2,7,1,157.99,0
SO-500694,3,1,1,185.99,0
SO-500695,1,1,1,185.99,0
SO-500696,1,19,1,699.99,0
SO-500696,2,6,1,29.99,10
SO-500697,1,21,2,24.99,0
SO-500697,2,6,1,29.99,10
SO-500698,1,2,2,179.99,0
SO-500699,1,10,1,138.99,5
SO-500699,2,22,2,73.99,5
SO-500700,1,7,2,169.99,5
SO-500700,2,4,1,59.99,0
SO-500701,1,16,1,69.99,5
SO-500701,2,8,1,50.99,10
SO-500701,3,13,2,120.99,0
SO-500702,1,7,1,169.99,10
SO-500702,2,13,2,129.99,0
SO-500703,1,3,2,49.99,0
SO-500704,1,15,2,39.99,0
SO-500704,2,3,3,49.99,5
SO-500705,1,8,1,54.99,0
SO-500705,2,14,1,99.99,0
SO-500706,1,11,2,64.99,0
SO-500706,2,14,1,99.99,0
SO-500707,1,5,5,39.99,15
SO-500707,2,18,5,14.99,25
SO-500707,3,8,10,54.99,20
SO-500707,4,4,5,59.99,15
SO-500708,1,12,1,19.99,0
SO-500709,1,6,2,29.99,10
SO-500709,2,11,2,64.99,15
SO-500710,1,6,3,29.99,0
SO-500710,2,22,1,79.99,0
SO-500711,1,1,1,199.99,0
SO-500712,1,18,2,13.99,0
SO-500713,1,14,2,99.99,0
SO-500713,2,18,1,14.99,10
SO-500714,1,20,1,599.99,0
SO-500715,1,16,1,74.99,0
SO-500716,1,15,3,39.99,10
SO-500716,2,4,1,59.99,0
SO-500717,1,12,3,19.99,0
SO-500718,1,3,1,49.99,0
SO-500718,2,12,3,19.99,0
SO-500719,1,2,1,166.99,0
SO-500719,2,21,3,22.99,10
SO-500720,1,6,1,29.99,0
SO-500721,1,23,2,34.99,5
SO-500721,2,1,1,199.99,0
SO-500722,1,5,3,39.99,15
SO-500722,2,4,1,59.99,15
SO-500722,3,2,2,179.99,0
SO-500722,4,3,1,49.99,0
SO-500723,1,12,3,19.99,15
SO-500723,2,23,3,34.99,15
SO-500724,1,6,2,29.99,0
SO-500724,2,21,2,24.99,0
SO-500724,3,20,1,599.99,0
SO-500724,4,3,3,49.99,0
SO-500725,1,12,2,19.99,15
SO-500725,2,9,2,89.99,0
SO-500726,1,5,3,39.99,0
SO-500726,2,2,2,179.99,10
SO-500726,3,21,3,24.99,0
SO-500726,4,15,3,39.99,5
SO-500727,1,11,1,59.99,0
SO-500727,2,19,1,650.99,0
SO-500728,1,10,2,149.99,5
SO-500729,1,9,1,89.99,0
SO-500729,2,15,2,39.99,0
SO-500730,1,6,3,29.99,0
SO-500730,2,4,2,59.99,0
SO-500731,1,7,1,169.99,0
SO-500731,2,24,3,44.99,0
SO-500732,1,8,1,54.99,0
SO-500733,1,2,1,179.99,15
SO-500734,1,10,1,149.99,10
SO-500735,1,18,3,14.99,5
SO-500735,2,24,2,44.99,0
SO-500735,3,14,1,99.99,0
SO-500735,4,9,2,89.99,5
SO-500736,1,17,3,17.99,10
SO-500737,1,3,2,49.99,5
SO-500737,2,10,1,149.99,10
SO-500738,1,4,2,59.99,0
SO-500738,2,19,2,699.99,0
SO-500739,1,19,1,699.99,0
SO-500739,2,7,1,169.99,0
SO-500739,3,10,2,149.99,10
SO-500739,4,4,1,59.99,0
SO-500740,1,11,1,64.99,15
SO-500740,2,10,1,149.99,0
SO-500741,1,9,1,89.99,0
SO-500741,2,10,2,149.99,0
SO-500741,3,16,1,74.99,0
SO-500742,1,11,2,64.99,0
SO-500742,2,15,2,39.99,10
SO-500743,1,5,1,39.99,5
SO-500744,1,8,1,54.99,30
SO-500745,1,12,2,19.99,0
SO-500746,1,19,1,699.99,15
SO-500747,1,16,6,69.99,20
SO-500747,2,8,3,50.99,15
SO-500747,3,7,9,157.99,15
SO-500747,4,14,3,92.99,15
SO-500748,1,5,1,39.99,0
SO-500748,2,19,1,699.99,5
SO-500749,1,19,1,699.99,0
SO-500750,1,7,2,157.99,0
SO-500750,2,3,2,45.99,0
SO-500751,1,19,1,699.99,0
SO-500751,2,5,2,39.99,0
SO-500752,1,18,1,14.99,5
SO-500753,1,15,3,39.99,15
SO-500753,2,5,2,39.99,5
SO-500754,1,16,1,74.99,0
SO-500754,2,5,2,39.99,0
SO-500755,1,15,3,39.99,10
SO-500755,2,3,3,49.99,0
SO-500756,1,4,2,59.99,0
SO-500756,2,6,3,29.99,0
SO-500757,1,16,1,74.99,0
SO-500757,2,14,1,99.99,0
SO-500758,1,7,2,169.99,0
SO-500759,1,7,1,169.99,5
SO-500760,1,3,2,49.99,0
SO-500760,2,6,2,29.99,0
SO-500761,1,20,2,599.99,0
SO-500762,1,2,1,179.99,5
SO-500762,2,5,2,39.99,15
SO-500763,1,22,1,79.99,5
SO-500763,2,1,1,199.99,0
SO-500763,3,3,3,49.99,0
SO-500764,1,7,1,169.99,15
SO-500765,1,9,2,89.99,5
SO-500766,1,10,1,149.99,10
SO-500766,2,24,3,44.99,0
SO-500767,1,5,2,39.99,5
SO-500768,1,12,1,19.99,5
SO-500768,2,22,1,79.99,0
SO-500769,1,20,1,599.99,0
SO-500770,1,7,1,169.99,0
SO-500770,2,5,2,39.99,0
SO-500770,3,8,1,54.99,0
SO-500771,1,2,1,179.99,0
SO-500771,2,1,1,199.99,0
SO-500772,1,11,1,64.99,5
SO-500773,1,8,1,54.99,0
SO-500774,1,9,8,89.99,15
SO-500774,2,24,8,44.99,20
SO-500774,3,18,9,14.99,20
SO-500774,4,8,6,54.99,15
SO-500775,1,12,2,19.99,10
SO-500775,2,8,1,54.99,10
SO-500775,3,7,1,169.99,5
SO-500775,4,15,1,39.99,5
SO-500776,1,13,2,120.99,5
SO-500776,2,1,1,185.99,0
SO-500776,3,8,1,50.99,0
SO-500777,1,1,2,199.99,0
SO-500778,1,15,1,39.99,0
SO-500779,1,6,2,29.99,0
SO-500780,1,12,2,19.99,10
SO-500780,2,15,2,39.99,0
SO-500780,3,9,1,89.99,0
SO-500780,4,4,1,59.99,0
SO-500781,1,5,2,39.99,0
SO-500782,1,6,1,27.99,10
SO-500783,1,8,1,54.99,0
SO-500784,1,16,1,74.99,0
SO-500784,2,2,1,179.99,5
SO-500784,3,9,1,89.99,0
SO-500784,4,20,2,599.99,10
SO-500785,1,15,3,39.99,25
SO-500785,2,3,10,49.99,20
SO-500786,1,9,2,89.99,0
SO-500786,2,7,1,169.99,0
SO-500787,1,18,2,14.99,5
SO-500787,2,12,1,19.99,0
SO-500788,1,22,1,79.99,15
SO-500789,1,6,2,29.99,0
SO-500789,2,1,1,199.99,5
SO-500790,1,9,1,89.99,0
SO-500791,1,19,1,699.99,0
SO-500792,1,7,1,169.99,5
SO-500793,1,17,1,17.99,0
SO-500793,2,13,2,129.99,10
SO-500794,1,7,1,157.99,15
SO-500795,1,13,1,129.99,0
SO-500796,1,14,2,99.99,15
SO-500796,2,18,3,14.99,15
SO-500796,3,22,1,79.99,5
SO-500796,4,20,2,599.99,10
SO-500797,1,4,1,55.99,0
SO-500797,2,13,2,120.99,15
SO-500798,1,17,3,16.99,5
SO-500798,2,20,2,557.99,0
SO-500799,1,11,1,64.99,0
SO-500799,2,8,1,54.99,5
SO-500800,1,2,1,166.99,15
SO-500800,2,13,1,120.99,10
SO-500801,1,2,1,179.99,0
SO-500801,2,15,1,39.99,15
SO-500801,3,14,1,99.99,5
SO-500802,1,20,1,599.99,0
SO-500803,1,9,1,89.99,0
SO-500803,2,8,1,54.99,0
SO-500803,3,2,1,179.99,0
SO-500803,4,1,1,199.99,0
SO-500804,1,5,1,39.99,0
SO-500805,1,16,2,74.99,15
SO-500806,1,2,1,179.99,0
SO-500806,2,7,1,169.99,0
SO-500806,3,6,3,29.99,0
SO-500806,4,18,2,14.99,0
SO-500807,1,15,1,39.99,0
SO-500807,2,21,1,24.99,0
SO-500807,3,16,1,74.99,5
SO-500808,1,13,1,129.99,5
SO-500808,2,14,2,99.99,0
SO-500809,1,21,2,24.99,0
SO-500810,1,9,1,89.99,0
SO-500810,2,11,1,64.99,0
SO-500811,1,2,1,179.99,0
SO-500811,2,23,1,34.99,15
SO-500811,3,9,2,89.99,0
SO-500812,1,16,1,74.99,0
SO-500812,2,18,1,14.99,0
SO-500812,3,23,3,34.99,15
SO-500813,1,3,2,49.99,0
SO-500814,1,15,2,39.99,0
SO-500815,1,24,3,44.99,0
SO-500815,2,19,2,699.99,10
SO-500815,3,14,2,99.99,0
SO-500816,1,8,1,54.99,10
SO-500816,2,10,1,149.99,0
SO-500817,1,10,1,149.99,0
SO-500817,2,4,1,59.99,0
SO-500818,1,22,1,79.99,15
SO-500818,2,2,1,179.99,5
SO-500819,1,4,2,59.99,5
SO-500820,1,3,2,49.99,0
SO-500821,1,3,1,49.99,0
SO-500822,1,5,3,39.99,10
SO-500822,2,10,1,149.99,0
SO-500822,3,11,1,64.99,15
SO-500822,4,1,2,199.99,5
SO-500823,1,17,3,17.99,5
SO-500823,2,3,3,49.99,0
SO-500823,3,2,1,179.99,15
SO-500823,4,16,1,74.99,0
SO-500824,1,15,2,39.99,15
SO-500825,1,13,1,129.99,0
SO-500826,1,18,1,14.99,0
SO-500827,1,5,3,39.99,0
SO-500828,1,11,20,64.99,20
SO-500828,2,9,18,89.99,20
SO-500828,3,12,12,19.99,25
SO-500829,1,20,1,557.99,0
SO-500830,1,14,1,99.99,0
SO-500830,2,6,1,29.99,15
SO-500830,3,8,1,54.99,0
SO-500830,4,7,1,169.99,0
SO-500831,1,13,1,129.99,0
SO-500831,2,10,1,149.99,0
SO-500831,3,20,1,599.99,0
SO-500831,4,11,2,64.99,0
SO-500832,1,4,2,55.99,0
SO-500833,1,4,1,59.99,5
SO-500833,2,5,1,39.99,10
SO-500834,1,8,2,54.99,10
SO-500834,2,6,2,29.99,5
SO-500834,3,19,1,699.99,0
SO-500835,1,24,2,44.99,0
SO-500835,2,7,1,169.99,0
SO-500835,3,3,2,49.99,0
SO-500835,4,21,2,24.99,0
SO-500836,1,23,3,34.99,0
SO-500837,1,6,3,29.99,0
SO-500837,2,10,1,149.99,0
SO-500837,3,2,1,179.99,0
SO-500837,4,17,3,17.99,15
SO-500838,1,20,1,599.99,0
SO-500838,2,5,2,39.99,15
SO-500838,3,3,1,49.99,10
SO-500838,4,21,3,24.99,5
SO-500839,1,3,2,49.99,15
SO-500839,2,7,1,169.99,0
SO-500840,1,21,1,24.99,0
SO-500841,1,18,2,14.99,0
SO-500841,2,16,1,74.99,0
SO-500842,1,12,2,19.99,15
SO-500843,1,5,2,39.99,5
SO-500844,1,9,2,83.99,10
SO-500845,1,15,2,39.99,0
SO-500845,2,14,1,99.99,0
SO-500845,3,23,1,34.99,0
SO-500846,1,9,1,89.99,0
SO-500846,2,20,2,599.99,0
SO-500846,3,2,1,179.99,10
SO-500847,1,10,1,138.99,0
SO-500848,1,1,1,199.99,15
SO-500849,1,13,2,129.99,0
SO-500849,2,6,1,29.99,0
SO-500850,1,19,1,699.99,15
SO-500851,1,23,3,34.99,15
SO-500851,2,7,1,169.99,15
SO-500851,3,13,1,129.99,0
SO-500851,4,2,1,179.99,0
SO-500852,1,7,2,169.99,0
SO-500852,2,15,1,39.99,5
SO-500852,3,17,2,17.99,10
SO-500853,1,18,2,14.99,10
SO-500853,2,3,2,49.99,5
SO-500853,3,6,1,29.99,0
SO-500853,4,12,3,19.99,10
SO-500854,1,20,2,599.99,10
SO-500854,2,5,1,39.99,0
SO-500855,1,15,3,39.99,0
SO-500855,2,18,2,14.99,0
SO-500856,1,13,1,120.99,5
SO-500856,2,10,1,138.99,5
SO-500857,1,4,1,59.99,0
SO-500857,2,18,1,14.99,0
SO-500857,3,20,1,599.99,0
SO-500857,4,3,3,49.99,0
SO-500858,1,17,2,16.99,0
SO-500859,1,19,2,699.99,10
SO-500859,2,4,2,59.99,0
SO-500859,3,24,2,44.99,5
SO-500860,1,23,1,34.99,0
SO-500860,2,14,2,99.99,0
SO-500860,3,22,1,79.99,15
SO-500860,4,19,1,699.99,0
SO-500861,1,6,1,29.99,15
SO-500862,1,10,1,149.99,0
SO-500862,2,6,2,29.99,0
SO-500863,1,3,2,49.99,0
SO-500863,2,20,2,599.99,0
SO-500864,1,9,2,89.99,15
SO-500865,1,2,1,179.99,5
SO-500865,2,9,1,89.99,10
SO-500866,1,11,1,64.99,15
SO-500867,1,6,2,29.99,0
SO-500867,2,17,2,17.99,5
SO-500868,1,18,3,14.99,0
SO-500868,2,3,1,49.99,0
SO-500869,1,19,2,699.99,0
SO-500870,1,18,3,14.99,0
SO-500870,2,2,2,179.99,0
SO-500870,3,23,1,34.99,5
SO-500871,1,12,7,19.99,20
SO-500871,2,20,10,599.99,15
SO-500872,1,5,1,39.99,15
SO-500872,2,6,1,29.99,10
SO-500873,1,16,2,74.99,10
SO-500873,2,7,1,169.99,0
SO-500874,1,20,1,599.99,10
SO-500875,1,24,3,44.99,15
SO-500875,2,5,2,39.99,10
SO-500875,3,4,1,59.99,0
SO-500875,4,21,1,24.99,5
SO-500876,1,16,1,74.99,0
SO-500876,2,7,1,169.99,0
SO-500877,1,22,2,79.99,5
SO-500878,1,23,1,34.99,10
SO-500879,1,8,2,54.99,0
SO-500880,1,21,1,24.99,0
SO-500881,1,3,3,49.99,0
SO-500881,2,11,2,64.99,0
SO-500882,1,1,1,199.99,5
SO-500883,1,19,1,699.99,15
SO-500884,1,16,19,74.99,20
SO-500884,2,6,19,29.99,25
SO-500884,3,14,18,99.99,20
SO-500885,1,16,1,74.99,15
SO-500886,1,23,1,34.99,0
SO-500886,2,6,1,29.99,0
SO-500887,1,15,1,39.99,0
SO-500888,1,9,1,89.99,0
SO-500888,2,20,2,599.99,0
SO-500889,1,4,1,59.99,5
SO-500890,1,21,3,24.99,0
SO-500891,1,13,1,129.99,10
SO-500891,2,15,2,39.99,0
SO-500892,1,15,7,36.99,15
SO-500892,2,20,9,557.99,15
SO-500893,1,18,2,14.99,0
SO-500893,2,24,3,44.99,15
SO-500893,3,19,2,699.99,0
SO-500893,4,6,2,29.99,0
SO-500894,1,9,2,89.99,0
SO-500894,2,10,1,149.99,0
SO-500894,3,18,2,14.99,0
SO-500894,4,12,2,19.99,0
SO-500895,1,23,1,34.99,10
SO-500895,2,8,1,54.99,0
SO-500896,1,5,2,39.99,5
SO-500896,2,24,1,44.99,0
SO-500897,1,22,1,79.99,15
SO-500897,2,19,1,699.99,0
SO-500897,3,21,3,24.99,0
SO-500898,1,8,1,54.99,10
SO-500899,1,11,1,64.99,0
SO-500900,1,23,2,32.99,0
SO-500901,1,22,1,79.99,15
SO-500902,1,8,1,54.99,0
SO-500902,2,11,1,64.99,0
SO-500903,1,8,1,54.99,0
SO-500904,1,1,1,199.99,0
SO-500904,2,17,2,17.99,0
SO-500905,1,2,1,179.99,10
SO-500905,2,7,1,169.99,0
SO-500905,3,10,1,149.99,0
SO-500906,1,7,1,169.99,5
SO-500906,2,22,2,79.99,0
SO-500906,3,24,1,44.99,0
SO-500906,4,13,1,129.99,0
SO-500907,1,10,1,149.99,10
SO-500907,2,23,3,34.99,0
SO-500908,1,12,2,19.99,5
SO-500909,1,8,2,50.99,10
SO-500910,1,18,2,14.99,0
SO-500910,2,5,2,39.99,0
SO-500911,1,8,1,54.99,0
SO-500912,1,6,3,29.99,15
SO-500913,1,2,2,179.99,0
SO-500914,1,15,1,39.99,5
SO-500914,2,2,1,179.99,0
SO-500915,1,4,1,59.99,0
SO-500916,1,1,2,185.99,10
SO-500917,1,8,2,54.99,0
SO-500918,1,7,1,169.99,15
SO-500918,2,4,1,59.99,0
SO-500918,3,10,1,149.99,10
SO-500918,4,22,1,79.99,0
SO-500919,1,1,2,199.99,0
SO-500920,1,16,2,74.99,0
SO-500920,2,19,1,699.99,5
SO-500921,1,21,2,24.99,15
SO-500922,1,4,18,59.99,15
SO-500922,2,3,8,49.99,20
SO-500922,3,2,13,179.99,15
SO-500922,4,18,19,14.99,15
SO-500923,1,15,2,39.99,5
SO-500924,1,22,1,79.99,0
SO-500924,2,20,2,599.99,15
SO-500925,1,5,2,39.99,10
SO-500926,1,9,1,83.99,0
SO-500926,2,24,2,41.99,0
SO-500927,1,17,2,17.99,0
SO-500928,1,6,1,29.99,0
SO-500928,2,2,1,179.99,15
SO-500929,1,11,1,59.99,0
SO-500929,2,7,1,157.99,5
SO-500929,3,16,2,69.99,15
SO-500929,4,12,1,18.99,0
SO-500930,1,3,2,49.99,0
SO-500931,1,18,2,13.99,10
SO-500931,2,8,1,50.99,10
SO-500931,3,2,1,166.99,0
SO-500932,1,9,2,89.99,0
SO-500933,1,16,1,74.99,15
SO-500933,2,14,2,99.99,5
SO-500934,1,20,2,599.99,0
SO-500934,2,7,1,169.99,0
SO-500934,3,22,2,79.99,10
SO-500934,4,10,1,149.99,0
SO-500935,1,8,1,54.99,5
SO-500935,2,22,1,79.99,10
SO-500936,1,20,1,599.99,0
SO-500936,2,3,2,49.99,0
SO-500937,1,23,3,34.99,0
SO-500938,1,7,2,169.99,0
SO-500938,2,23,3,34.99,5
SO-500939,1,2,2,179.99,0
SO-500939,2,15,3,39.99,5
SO-500940,1,18,12,14.99,25
SO-500940,2,2,14,179.99,20
SO-500940,3,11,16,64.99,25
SO-500941,1,15,2,39.99,0
SO-500941,2,4,2,59.99,5
SO-500942,1,12,1,19.99,5
SO-500943,1,23,1,34.99,5
SO-500943,2,21,2,24.99,0
SO-500944,1,7,1,169.99,5
SO-500944,2,16,1,74.99,0
SO-500945,1,23,1,34.99,5
SO-500945,2,7,2,169.99,5
SO-500946,1,4,2,59.99,0
SO-500946,2,3,2,49.99,0
SO-500947,1,6,3,29.99,10
SO-500948,1,8,1,54.99,0
SO-500948,2,19,1,699.99,0
SO-500949,1,21,2,24.99,30
SO-500949,2,14,1,99.99,30
SO-500950,1,5,1,39.99,15
SO-500950,2,9,2,89.99,5
SO-500951,1,7,1,169.99,5
SO-500951,2,17,2,17.99,0
SO-500952,1,22,1,79.99,5
SO-500953,1,4,1,59.99,10
SO-500954,1,4,1,59.99,10
SO-500955,1,20,1,599.99,0
SO-500956,1,10,1,149.99,0
SO-500957,1,2,2,166.99,0
SO-500957,2,20,1,557.99,0
SO-500958,1,4,2,59.99,0
SO-500959,1,4,1,59.99,0
SO-500959,2,21,1,24.99,0
SO-500959,3,14,1,99.99,0
SO-500959,4,22,1,79.99,10
SO-500960,1,7,2,169.99,0
SO-500960,2,1,1,199.99,5
SO-500961,1,18,1,14.99,5
SO-500961,2,24,2,44.99,0
SO-500961,3,22,1,79.99,0
SO-500961,4,23,3,34.99,5
SO-500962,1,16,1,69.99,5
SO-500962,2,14,1,92.99,0
SO-500963,1,2,1,166.99,0
SO-500963,2,16,1,69.99,0
SO-500963,3,4,1,55.99,5
SO-500964,1,23,2,34.99,10
SO-500964,2,14,1,99.99,0
SO-500964,3,5,1,39.99,0
SO-500965,1,19,2,699.99,5
SO-500965,2,5,2,39.99,0
SO-500965,3,8,2,54.99,10
SO-500965,4,21,2,24.99,0
SO-500966,1,6,3,29.99,0
SO-500967,1,3,2,49.99,0
SO-500968,1,17,2,17.99,5
SO-500968,2,2,1,179.99,0
SO-500969,1,1,1,199.99,5
SO-500970,1,8,1,54.99,0
SO-500970,2,2,2,179.99,0
SO-500970,3,11,1,64.99,0
SO-500971,1,22,1,79.99,0
SO-500972,1,12,2,19.99,30
SO-500972,2,17,3,17.99,30
SO-500973,1,9,1,83.99,0
SO-500973,2,1,2,185.99,5
SO-500973,3,21,2,22.99,10
SO-500974,1,20,1,599.99,0
SO-500975,1,10,1,149.99,0
SO-500976,1,12,2,19.99,0
SO-500976,2,8,1,54.99,0
SO-500977,1,19,1,699.99,0
SO-500977,2,17,2,17.99,10
SO-500978,1,5,1,39.99,0
SO-500978,2,11,1,64.99,0
SO-500978,3,10,2,149.99,10
SO-500978,4,1,1,199.99,0
SO-500979,1,4,1,59.99,0
SO-500980,1,13,2,129.99,15
SO-500980,2,4,1,59.99,10
SO-500981,1,17,1,17.99,0
SO-500982,1,17,2,17.99,0
SO-500982,2,3,2,49.99,0
SO-500983,1,16,1,74.99,15
SO-500983,2,6,3,29.99,10
SO-500984,1,20,2,599.99,10
SO-500984,2,22,2,79.99,0
SO-500985,1,19,3,699.99,20
SO-500985,2,23,6,34.99,20
SO-500986,1,20,1,599.99,0
SO-500986,2,3,1,49.99,0
SO-500987,1,24,3,44.99,0
SO-500988,1,22,1,73.99,10
SO-500989,1,24,14,44.99,20
SO-500989,2,10,19,149.99,25
SO-500990,1,4,1,55.99,0
SO-500990,2,22,2,73.99,0
SO-500990,3,5,2,36.99,0
SO-500991,1,10,1,149.99,0
SO-500991,2,5,1,39.99,5
SO-500991,3,24,3,44.99,10
SO-500991,4,3,1,49.99,0
SO-500992,1,11,1,64.99,0
SO-500992,2,13,2,129.99,0
SO-500992,3,16,2,74.99,5
SO-500992,4,4,1,59.99,10
SO-500993,1,5,2,39.99,0
SO-500994,1,15,2,39.99,15
SO-500995,1,15,2,39.99,0
SO-500996,1,2,1,179.99,10
SO-500996,2,3,3,49.99,0
SO-500997,1,4,2,55.99,0
SO-500998,1,14,1,99.99,10
SO-500998,2,4,1,59.99,5
SO-500998,3,9,1,89.99,0
SO-500998,4,10,1,149.99,0
SO-500999,1,8,1,54.99,0
SO-501000,1,3,3,49.99,0
SO-501001,1,23,1,32.99,10
SO-501001,2,9,2,83.99,0
SO-501002,1,10,1,149.99,0
SO-501003,1,24,10,41.99,20
SO-501003,2,6,8,27.99,15
SO-501003,3,21,4,22.99,15
SO-501004,1,4,2,59.99,0
SO-501004,2,16,1,74.99,0
SO-501004,3,10,1,149.99,0
SO-501004,4,9,2,89.99,15
SO-501005,1,12,1,19.99,0
SO-501005,2,8,1,54.99,0
SO-501006,1,15,2,39.99,0
SO-501007,1,19,2,699.99,0
SO-501007,2,6,2,29.99,15
SO-501008,1,16,1,74.99,10
SO-501008,2,18,1,14.99,5
SO-501008,3,6,2,29.99,5
SO-501008,4,22,1,79.99,5
SO-501009,1,4,2,59.99,15
SO-501009,2,5,3,39.99,5
SO-501010,1,19,2,699.99,0
SO-501010,2,3,2,49.99,0
SO-501011,1,3,1,49.99,10
SO-501011,2,21,1,24.99,0
SO-501012,1,12,2,19.99,0
SO-501012,2,6,1,29.99,10
SO-501013,1,8,1,54.99,0
SO-501013,2,23,1,34.99,0
SO-501014,1,15,1,39.99,10
SO-501015,1,19,1,699.99,0
SO-501016,1,18,3,14.99,10
SO-501016,2,10,1,149.99,0
SO-501016,3,12,3,19.99,0
SO-501017,1,16,1,74.99,0
SO-501018,1,6,3,29.99,5
SO-501019,1,21,1,24.99,0
SO-501019,2,8,1,54.99,10
SO-501019,3,3,3,49.99,0
SO-501020,1,22,2,79.99,5
SO-501020,2,21,2,24.99,0
SO-501021,1,16,2,74.99,30
SO-501021,2,14,2,99.99,30
SO-501022,1,21,2,24.99,0
SO-501022,2,8,1,54.99,0
SO-501023,1,11,1,64.99,0
SO-501024,1,14,1,99.99,0
SO-501024,2,18,1,14.99,0
SO-501025,1,14,1,99.99,5
SO-501025,2,7,1,169.99,15
SO-501026,1,3,1,49.99,10
SO-501026,2,21,2,24.99,10
SO-501027,1,23,2,34.99,0
SO-501027,2,4,1,59.99,0
SO-501027,3,5,2,39.99,10
SO-501027,4,2,2,179.99,5
SO-501028,1,16,1,74.99,5
SO-501028,2,19,1,699.99,5
SO-501029,1,15,2,39.99,0
SO-501029,2,24,2,44.99,0
SO-501030,1,12,2,19.99,0
SO-501031,1,8,1,54.99,0
SO-501031,2,11,2,64.99,5
SO-501031,3,23,3,34.99,0
SO-501031,4,21,1,24.99,0
SO-501032,1,14,1,99.99,0
SO-501033,1,23,3,34.99,0
SO-501033,2,11,2,64.99,10
SO-501034,1,15,3,39.99,0
SO-501034,2,8,2,54.99,0
SO-501034,3,19,1,699.99,15
SO-501034,4,23,3,34.99,10
SO-501035,1,11,1,64.99,5
SO-501035,2,5,1,39.99,0
SO-501035,3,12,3,19.99,0
SO-501035,4,15,2,39.99,0
SO-501036,1,20,1,599.99,0
SO-501036,2,23,2,34.99,0
SO-501037,1,7,2,169.99,0
SO-501037,2,15,2,39.99,5
SO-501038,1,12,1,19.99,5
SO-501038,2,1,1,199.99,0
SO-501039,1,14,1,92.99,5
SO-501040,1,19,1,699.99,0
SO-501041,1,17,1,17.99,5
SO-501041,2,15,1,39.99,10
SO-501042,1,1,1,199.99,30
SO-501042,2,18,3,14.99,30
SO-501043,1,7,2,169.99,0
SO-501043,2,10,2,149.99,5
SO-501044,1,14,1,99.99,5
SO-501044,2,1,1,199.99,0
SO-501045,1,23,3,34.99,15
SO-501045,2,1,1,199.99,15
SO-501046,1,15,7,39.99,15
SO-501046,2,5,9,39.99,15
SO-501046,3,22,5,79.99,20
SO-501046,4,23,5,34.99,15
SO-501047,1,22,1,79.99,0
SO-501047,2,1,1,199.99,5
SO-501048,1,5,1,39.99,0
SO-501048,2,7,1,169.99,0
SO-501049,1,3,3,49.99,0
SO-501050,1,9,1,89.99,10
SO-501050,2,16,1,74.99,0
SO-501050,3,7,1,169.99,0
SO-501051,1,6,3,29.99,0
SO-501051,2,9,2,89.99,0
SO-501052,1,12,2,19.99,0
SO-501053,1,11,1,64.99,0
SO-501053,2,6,2,29.99,0
SO-501053,3,20,1,599.99,0
SO-501053,4,8,1,54.99,0
SO-501054,1,12,6,19.99,25
SO-501054,2,19,5,699.99,25
SO-501054,3,8,6,54.99,15
SO-501055,1,1,1,185.99,0
SO-501055,2,21,3,22.99,5
SO-501056,1,10,1,149.99,5
SO-501057,1,14,2,99.99,30
SO-501058,1,9,2,89.99,5
SO-501058,2,5,2,39.99,0
SO-501058,3,12,3,19.99,10
SO-501059,1,1,1,199.99,0
SO-501060,1,1,1,199.99,10
SO-501061,1,3,2,49.99,0
SO-501061,2,16,1,74.99,5
SO-501062,1,22,1,79.99,0
SO-501063,1,7,9,169.99,15
SO-501063,2,5,8,39.99,15
SO-501063,3,6,6,29.99,20
SO-501063,4,9,8,89.99,20
SO-501064,1,17,3,17.99,0
SO-501064,2,1,1,199.99,10
SO-501064,3,10,1,149.99,10
SO-501065,1,11,1,64.99,0
SO-501065,2,23,1,34.99,0
SO-501066,1,22,1,79.99,0
SO-501066,2,5,3,39.99,0
SO-501067,1,12,2,19.99,0
SO-501067,2,6,3,29.99,15
SO-501067,3,11,1,64.99,5
SO-501067,4,4,2,59.99,10
SO-501068,1,8,1,54.99,10
SO-501069,1,3,2,49.99,10
SO-501070,1,3,3,49.99,0
SO-501070,2,8,2,54.99,0
SO-501070,3,15,2,39.99,0
SO-501070,4,7,1,169.99,0
SO-501071,1,23,1,34.99,0
SO-501072,1,19,1,699.99,0
SO-501073,1,9,1,83.99,0
SO-501074,1,3,3,49.99,0
SO-501075,1,13,1,129.99,0
SO-501075,2,2,1,179.99,0
SO-501076,1,4,2,59.99,0
SO-501077,1,24,1,44.99,0
SO-501077,2,11,2,64.99,0
SO-501078,1,10,1,138.99,0
SO-501078,2,12,2,18.99,0
SO-501079,1,8,1,54.99,0
SO-501080,1,2,2,179.99,5
SO-501081,1,12,1,18.99,0
SO-501081,2,18,3,13.99,0
SO-501081,3,9,1,83.99,0
SO-501082,1,19,1,699.99,0
SO-501082,2,14,1,99.99,5
SO-501082,3,15,3,39.99,0
SO-501082,4,4,1,59.99,10
SO-501083,1,5,1,39.99,0
SO-501083,2,3,1,49.99,0
SO-501083,3,17,1,17.99,0
SO-501084,1,24,2,44.99,0
SO-501084,2,12,2,19.99,0
SO-501085,1,1,1,199.99,0
SO-501086,1,20,1,599.99,0
SO-501087,1,22,2,79.99,10
SO-501087,2,23,2,34.99,0
SO-501088,1,21,3,24.99,0
SO-501088,2,2,1,179.99,0
SO-501089,1,5,1,39.99,0
SO-501090,1,17,3,17.99,0
SO-501091,1,9,8,89.99,15
SO-501091,2,1,17,199.99,15
SO-501091,3,3,14,49.99,20
SO-501091,4,22,14,79.99,20
SO-501092,1,9,1,89.99,0
SO-501092,2,21,2,24.99,0
SO-501093,1,17,1,17.99,0
SO-501093,2,21,1,24.99,0
SO-501094,1,1,1,185.99,15
SO-501095,1,1,9,199.99,15
SO-501095,2,7,10,169.99,20
SO-501096,1,6,3,29.99,0
SO-501096,2,12,2,19.99,10
SO-501097,1,14,1,92.99,10
SO-501098,1,23,2,34.99,0
SO-501099,1,22,1,79.99,0
SO-501099,2,9,1,89.99,10
SO-501100,1,12,1,19.99,0
SO-501100,2,13,2,129.99,0
SO-501100,3,11,1,64.99,0
SO-501100,4,24,3,44.99,5
SO-501101,1,6,2,29.99,0
SO-501101,2,16,1,74.99,0
SO-501102,1,11,10,64.99,15
SO-501102,2,23,4,34.99,25
SO-501102,3,2,6,179.99,15
SO-501103,1,4,1,59.99,0
SO-501103,2,12,2,19.99,0
SO-501104,1,23,1,32.99,0
SO-501104,2,4,2,55.99,0
SO-501104,3,17,2,16.99,0
SO-501105,1,1,1,199.99,0
SO-501105,2,23,3,34.99,15
SO-501105,3,9,2,89.99,0
SO-501106,1,17,3,17.99,0
SO-501106,2,6,2,29.99,0
SO-501106,3,5,3,39.99,10
SO-501107,1,1,1,199.99,10
SO-501108,1,22,1,79.99,15
SO-501108,2,23,1,34.99,0
SO-501109,1,5,3,36.99,0
SO-501109,2,4,1,55.99,0
SO-501109,3,1,1,185.99,5
SO-501109,4,17,2,16.99,5
SO-501110,1,7,1,169.99,0
SO-501110,2,4,1,59.99,10
SO-501110,3,6,1,29.99,0
SO-501110,4,23,1,34.99,0
SO-501111,1,18,3,14.99,5
SO-501111,2,10,1,149.99,10
SO-501111,3,12,2,19.99,0
SO-501112,1,8,2,54.99,0
SO-501112,2,18,2,14.99,0
SO-501112,3,22,1,79.99,5
SO-501112,4,2,2,179.99,10
SO-501113,1,15,3,39.99,10
SO-501114,1,2,1,179.99,0
SO-501115,1,22,1,79.99,0
SO-501115,2,8,2,54.99,0
SO-501116,1,10,2,149.99,0
SO-501117,1,9,1,83.99,10
SO-501118,1,6,3,29.99,0
SO-501118,2,1,1,199.99,5
SO-501119,1,2,2,179.99,5
SO-501119,2,8,1,54.99,0
SO-501120,1,5,3,39.99,10
SO-501120,2,10,1,149.99,5
SO-501120,3,20,1,599.99,0
SO-501120,4,24,1,44.99,0
SO-501121,1,22,1,79.99,15
SO-501121,2,7,2,169.99,0
SO-501122,1,15,3,36.99,0
SO-501122,2,22,1,73.99,0
SO-501123,1,19,1,699.99,0
SO-501123,2,22,1,79.99,15
SO-501124,1,19,1,650.99,0
SO-501124,2,3,2,45.99,10
SO-501124,3,8,1,50.99,5
SO-501125,1,1,2,185.99,0
SO-501125,2,21,1,22.99,0
SO-501126,1,23,3,34.99,0
SO-501126,2,24,2,44.99,5
SO-501126,3,13,2,129.99,10
SO-501127,1,8,1,54.99,0
SO-501127,2,20,1,599.99,0
SO-501128,1,1,1,199.99,0
SO-501128,2,5,1,39.99,0
SO-501129,1,14,1,99.99,10
SO-501129,2,8,1,54.99,0
SO-501129,3,23,3,34.99,5
SO-501129,4,6,2,29.99,0
SO-501130,1,4,1,59.99,0
SO-501130,2,8,1,54.99,0
SO-501131,1,6,2,29.99,15
SO-501131,2,22,1,79.99,0
SO-501132,1,12,1,19.99,0
SO-501133,1,13,1,129.99,0
SO-501133,2,6,1,29.99,5
SO-501133,3,15,2,39.99,0
SO-501134,1,13,1,129.99,5
SO-501134,2,12,2,19.99,0
SO-501134,3,24,3,44.99,15
SO-501134,4,20,2,599.99,0
SO-501135,1,8,1,54.99,0
SO-501136,1,14,1,99.99,0
SO-501137,1,21,2,24.99,30
SO-501138,1,22,7,79.99,20
SO-501138,2,12,7,19.99,20
SO-501138,3,15,5,39.99,15
SO-501138,4,7,9,169.99,20
SO-501139,1,11,2,59.99,5
SO-501139,2,4,2,55.99,10
SO-501139,3,2,1,166.99,0
SO-501139,4,20,1,557.99,0
SO-501140,1,18,1,14.99,10
SO-501141,1,18,2,14.99,10
SO-501141,2,24,1,44.99,5
SO-501141,3,20,2,599.99,0
SO-501142,1,13,1,129.99,10
SO-501142,2,11,1,64.99,0
SO-501142,3,23,2,34.99,0
SO-501143,1,13,1,129.99,30
SO-501143,2,22,1,79.99,30
SO-501144,1,11,1,64.99,30
SO-501144,2,7,1,169.99,30
SO-501145,1,5,3,39.99,5
SO-501145,2,1,1,199.99,5
SO-501145,3,22,1,79.99,0
SO-501146,1,2,1,179.99,10
SO-501147,1,22,1,79.99,0
SO-501148,1,24,9,44.99,15
SO-501148,2,18,10,14.99,20
SO-501148,3,8,5,54.99,15
SO-501149,1,4,8,55.99,15
SO-501149,2,6,5,27.99,15
SO-501149,3,11,10,59.99,20
SO-501150,1,21,3,24.99,0
SO-501150,2,3,1,49.99,15
SO-501151,1,6,1,27.99,10
SO-501152,1,2,1,179.99,0
SO-501153,1,12,1,19.99,0
SO-501153,2,4,2,59.99,15
SO-501153,3,10,1,149.99,10
SO-501153,4,24,3,44.99,5
SO-501154,1,2,1,179.99,0
SO-501155,1,12,3,19.99,0
SO-501156,1,11,1,64.99,0
SO-501157,1,20,1,599.99,0
SO-501158,1,1,2,199.99,0
SO-501158,2,8,2,54.99,0
SO-501159,1,7,1,157.99,10
SO-501159,2,5,3,36.99,0
SO-501160,1,1,1,199.99,10
SO-501161,1,23,2,34.99,15
SO-501161,2,14,1,99.99,0
SO-501162,1,15,1,39.99,5
SO-501163,1,6,3,29.99,0
SO-501164,1,3,1,49.99,15
SO-501165,1,9,1,89.99,0
SO-501166,1,11,1,64.99,5
SO-501167,1,10,1,149.99,0
SO-501168,1,22,1,79.99,0
SO-501169,1,7,2,169.99,5
SO-501170,1,6,1,29.99,0
SO-501170,2,1,2,199.99,0
SO-501171,1,3,3,49.99,15
SO-501171,2,11,1,64.99,0
SO-501172,1,8,1,54.99,0
SO-501173,1,23,1,34.99,0
SO-501173,2,11,2,64.99,0
SO-501174,1,4,1,59.99,0
SO-501174,2,16,2,74.99,0
SO-501175,1,5,3,39.99,0
SO-501175,2,21,3,24.99,0
SO-501175,3,22,1,79.99,5
SO-501175,4,3,2,49.99,0
SO-501176,1,13,1,129.99,0
SO-501177,1,2,1,179.99,0
SO-501177,2,23,2,34.99,0
SO-501178,1,6,2,29.99,0
SO-501179,1,22,2,79.99,0
SO-501179,2,14,1,99.99,5
SO-501179,3,4,1,59.99,0
SO-501180,1,15,2,39.99,15
SO-501181,1,3,2,45.99,5
SO-501181,2,13,1,120.99,0
SO-501182,1,11,1,64.99,5
SO-501183,1,23,3,34.99,0
SO-501184,1,2,1,179.99,5
SO-501184,2,8,1,54.99,0
SO-501185,1,12,3,19.99,5
SO-501185,2,7,1,169.99,5
SO-501186,1,18,2,14.99,0
SO-501187,1,7,1,169.99,0
SO-501187,2,12,3,19.99,0
SO-501187,3,11,1,64.99,0
SO-501188,1,20,1,599.99,0
SO-501188,2,2,1,179.99,10
SO-501188,3,10,1,149.99,0
SO-501189,1,17,1,17.99,0
SO-501189,2,14,1,99.99,0
SO-501190,1,13,2,129.99,0
SO-501190,2,12,1,19.99,0
SO-501191,1,21,3,24.99,15
SO-501192,1,8,2,54.99,0
SO-501193,1,10,1,149.99,0
SO-501194,1,21,1,24.99,5
SO-501195,1,11,1,64.99,0
SO-501195,2,20,1,599.99,10
SO-501196,1,1,18,199.99,15
SO-501196,2,13,18,129.99,25
SO-501197,1,11,1,64.99,10
SO-501197,2,3,1,49.99,0
SO-501198,1,13,1,129.99,5
SO-501198,2,3,3,49.99,0
SO-501199,1,7,2,169.99,0
SO-501199,2,3,1,49.99,10
SO-501200,1,1,1,199.99,0
SO-501201,1,18,3,14.99,0
SO-501202,1,1,1,185.99,15
SO-501203,1,23,2,34.99,0
SO-501204,1,13,2,129.99,0
SO-501205,1,18,2,14.99,15
SO-501205,2,3,1,49.99,0
SO-501205,3,4,2,59.99,15
SO-501206,1,13,2,129.99,5
SO-501207,1,24,1,44.99,15
SO-501208,1,20,1,557.99,5
SO-501209,1,19,1,699.99,0
SO-501209,2,24,3,44.99,0
SO-501210,1,20,1,557.99,10
SO-501210,2,17,1,16.99,15
SO-501211,1,2,2,179.99,10
SO-501212,1,24,1,44.99,0
SO-501212,2,22,1,79.99,0
SO-501213,1,12,1,19.99,0
SO-501213,2,18,3,14.99,0
SO-501214,1,19,1,650.99,5
SO-501214,2,22,2,73.99,10
SO-501214,3,7,1,157.99,0
SO-501214,4,6,2,27.99,5
SO-501215,1,21,3,24.99,5
SO-501215,2,5,2,39.99,5
SO-501216,1,11,1,64.99,10
SO-501216,2,6,2,29.99,0
SO-501217,1,10,1,149.99,0
SO-501218,1,22,9,79.99,15
SO-501218,2,20,10,599.99,20
SO-501218,3,7,7,169.99,25
SO-501219,1,20,1,599.99,0
SO-501220,1,13,1,129.99,0
SO-501220,2,19,1,699.99,10
SO-501220,3,23,3,34.99,10
SO-501221,1,10,2,149.99,0
SO-501222,1,19,1,699.99,5
SO-501223,1,12,1,19.99,5
SO-501224,1,14,1,99.99,0
SO-501224,2,16,1,74.99,10
SO-501225,1,19,2,699.99,0
SO-501225,2,21,3,24.99,5
SO-501226,1,20,1,599.99,0
SO-501227,1,23,1,34.99,10
SO-501227,2,14,1,99.99,5
SO-501227,3,20,1,599.99,10
SO-501227,4,7,1,169.99,0
SO-501228,1,7,8,169.99,20
SO-501228,2,4,4,59.99,15
SO-501228,3,21,5,24.99,20
SO-501228,4,19,3,699.99,25
SO-501229,1,10,1,149.99,5
SO-501230,1,11,1,64.99,0
SO-501230,2,14,1,99.99,0
SO-501231,1,24,3,41.99,0
SO-501231,2,8,2,50.99,15
SO-501232,1,8,1,54.99,0
SO-501233,1,5,3,39.99,0
SO-501233,2,20,1,599.99,0
SO-501233,3,1,1,199.99,5
SO-501234,1,5,3,39.99,10
SO-501234,2,13,1,129.99,5
SO-501235,1,11,1,64.99,0
SO-501236,1,20,1,557.99,10
SO-501236,2,22,1,73.99,0
SO-501237,1,2,1,179.99,5
SO-501237,2,22,1,79.99,0
SO-501238,1,23,2,34.99,0
SO-501239,1,10,1,149.99,5
SO-501240,1,19,1,699.99,0
SO-501240,2,4,1,59.99,0
SO-501241,1,3,1,49.99,0
SO-501241,2,9,1,89.99,5
SO-501241,3,24,3,44.99,0
SO-501241,4,21,2,24.99,10
SO-501242,1,8,15,54.99,15
SO-501242,2,10,18,149.99,20
SO-501242,3,4,20,59.99,15
SO-501243,1,21,2,24.99,0
SO-501244,1,24,2,44.99,10
SO-501245,1,15,1,39.99,0
SO-501245,2,16,1,74.99,15
SO-501246,1,15,2,39.99,5
SO-501246,2,16,1,74.99,0
SO-501247,1,23,3,34.99,0
SO-501248,1,21,3,22.99,5
SO-501249,1,4,1,59.99,0
SO-501249,2,21,1,24.99,10
SO-501249,3,11,1,64.99,5
SO-501250,1,8,1,54.99,5
SO-501250,2,11,2,64.99,5
SO-501251,1,2,1,166.99,0
SO-501251,2,4,1,55.99,15
SO-501252,1,6,3,29.99,5
SO-501253,1,12,1,19.99,0
SO-501254,1,17,1,17.99,0
SO-501255,1,15,1,36.99,0
SO-501255,2,19,1,650.99,10
SO-501256,1,5,2,39.99,5
SO-501257,1,13,1,129.99,0
SO-501257,2,7,2,169.99,0
SO-501258,1,15,3,36.99,0
SO-501259,1,3,2,49.99,0
SO-501260,1,8,1,54.99,5
SO-501260,2,6,2,29.99,0
SO-501260,3,10,1,149.99,0
SO-501260,4,16,1,74.99,0
SO-501261,1,6,2,29.99,10
SO-501262,1,20,1,599.99,0
SO-501262,2,14,1,99.99,15
SO-501262,3,6,3,29.99,0
SO-501263,1,18,1,13.99,0
SO-501264,1,8,1,54.99,0
SO-501264,2,13,2,129.99,10
SO-501264,3,23,1,34.99,0
SO-501265,1,1,1,185.99,0
SO-501266,1,14,1,99.99,5
SO-501266,2,24,3,44.99,0
SO-501267,1,19,1,699.99,0
SO-501268,1,19,1,699.99,0
SO-501268,2,21,3,24.99,0
SO-501269,1,18,1,14.99,0
SO-501270,1,7,1,169.99,0
SO-501270,2,10,2,149.99,10
SO-501270,3,20,1,599.99,0
SO-501270,4,14,2,99.99,0
SO-501271,1,21,1,24.99,10
SO-501272,1,22,2,79.99,0
SO-501273,1,15,1,39.99,10
SO-501273,2,18,1,14.99,0
SO-501273,3,19,1,699.99,15
SO-501273,4,20,2,599.99,0
SO-501274,1,2,1,179.99,10
SO-501274,2,7,1,169.99,10
SO-501275,1,14,1,99.99,10
SO-501276,1,10,2,149.99,0
SO-501277,1,5,3,36.99,0
SO-501278,1,7,1,157.99,15
SO-501279,1,19,1,699.99,5
SO-501280,1,3,3,49.99,0
SO-501281,1,12,3,19.99,0
SO-501281,2,23,1,34.99,15
SO-501281,3,4,2,59.99,10
SO-501281,4,21,3,24.99,10
SO-501282,1,11,2,64.99,10
SO-501283,1,10,1,149.99,0
SO-501284,1,22,2,79.99,10
SO-501284,2,24,2,44.99,0
SO-501285,1,9,1,89.99,5
SO-501285,2,8,1,54.99,0
SO-501285,3,7,1,169.99,5
SO-501286,1,5,3,39.99,15
SO-501286,2,1,1,199.99,0
SO-501286,3,3,1,49.99,10
SO-501287,1,24,3,44.99,15
SO-501288,1,3,1,49.99,0
SO-501288,2,2,1,179.99,0
SO-501289,1,6,7,29.99,15
SO-501289,2,19,4,699.99,20
SO-501289,3,5,5,39.99,20
SO-501290,1,1,2,185.99,0
SO-501290,2,17,2,16.99,10
SO-501291,1,23,3,34.99,0
SO-501292,1,6,2,27.99,0
SO-501293,1,6,1,29.99,0
SO-501293,2,14,1,99.99,0
SO-501294,1,11,1,59.99,10
SO-501294,2,20,2,557.99,0
SO-501295,1,2,2,179.99,5
SO-501296,1,11,1,64.99,10
SO-501297,1,14,2,99.99,10
SO-501297,2,5,2,39.99,0
SO-501297,3,12,2,19.99,0
SO-501297,4,8,1,54.99,10
SO-501298,1,17,1,16.99,0
SO-501299,1,4,2,59.99,0
SO-501300,1,15,1,39.99,10
SO-501300,2,2,1,179.99,0
SO-501301,1,10,9,149.99,15
SO-501301,2,12,3,19.99,20
SO-501302,1,21,2,24.99,0
SO-501302,2,20,1,599.99,0
SO-501302,3,8,1,54.99,0
SO-501303,1,9,1,89.99,0
SO-501303,2,7,1,169.99,0
SO-501303,3,13,1,129.99,5
SO-501304,1,17,1,17.99,5
SO-501305,1,24,1,44.99,10
SO-501306,1,16,2,74.99,15
SO-501306,2,22,1,79.99,15
SO-501307,1,14,2,99.99,10
SO-501308,1,8,1,54.99,0
SO-501308,2,10,2,149.99,0
SO-501309,1,23,3,34.99,5
SO-501310,1,1,1,199.99,0
SO-501310,2,19,1,699.99,0
SO-501311,1,10,1,149.99,10
SO-501311,2,13,1,129.99,10
SO-501312,1,4,1,59.99,0
SO-501312,2,3,1,49.99,5
SO-501312,3,1,1,199.99,0
SO-501313,1,9,1,89.99,0
SO-501314,1,12,3,19.99,0
SO-501314,2,2,1,179.99,5
SO-501315,1,8,2,54.99,5
SO-501316,1,12,2,19.99,0
SO-501316,2,10,1,149.99,0
SO-501316,3,4,1,59.99,0
SO-501317,1,11,1,64.99,10
SO-501318,1,3,3,45.99,0
SO-501318,2,4,1,55.99,0
SO-501319,1,5,1,39.99,10
SO-501319,2,20,1,599.99,0
SO-501319,3,1,1,199.99,0
SO-501320,1,20,1,599.99,0
SO-501320,2,16,1,74.99,0
SO-501321,1,2,2,179.99,5
SO-501321,2,11,1,64.99,0
SO-501321,3,15,1,39.99,5
SO-501322,1,1,1,199.99,10
SO-501322,2,3,1,49.99,0
SO-501322,3,16,2,74.99,0
SO-501322,4,7,1,169.99,5
SO-501323,1,12,1,18.99,0
SO-501323,2,17,3,16.99,0
SO-501323,3,6,2,27.99,10
SO-501323,4,15,1,36.99,5
SO-501324,1,10,1,149.99,0
SO-501325,1,1,1,185.99,0
SO-501325,2,22,1,73.99,0
SO-501325,3,9,1,83.99,0
SO-501325,4,18,1,13.99,5
SO-501326,1,15,10,39.99,20
SO-501326,2,3,10,49.99,20
SO-501326,3,1,3,199.99,20
SO-501327,1,8,1,54.99,0
SO-501327,2,18,1,14.99,0
SO-501328,1,14,1,92.99,0
SO-501328,2,22,1,73.99,0
SO-501328,3,1,1,185.99,0
SO-501329,1,11,1,64.99,0
SO-501330,1,23,1,34.99,0
SO-501330,2,19,2,699.99,0
SO-501330,3,12,1,19.99,0
SO-501331,1,7,2,169.99,0
SO-501331,2,6,1,29.99,0
SO-501332,1,10,2,149.99,0
SO-501332,2,3,1,49.99,5
SO-501333,1,23,3,34.99,0
SO-501334,1,11,1,64.99,0
SO-501334,2,19,1,699.99,0
SO-501334,3,2,1,179.99,0
SO-501334,4,14,2,99.99,15
SO-501335,1,24,3,41.99,0
SO-501335,2,20,1,557.99,0
SO-501336,1,21,1,24.99,0
SO-501336,2,4,2,59.99,0
SO-501336,3,13,2,129.99,0
SO-501336,4,8,1,54.99,0
SO-501337,1,16,1,74.99,0
SO-501338,1,17,3,16.99,10
SO-501339,1,8,2,54.99,0
SO-501339,2,2,2,179.99,10
SO-501340,1,6,3,29.99,10
SO-501340,2,12,1,19.99,0
SO-501340,3,17,3,17.99,10
SO-501340,4,10,1,149.99,0
SO-501341,1,16,1,74.99,15
SO-501342,1,17,3,17.99,0
SO-501343,1,22,2,79.99,0
SO-501344,1,1,6,199.99,15
SO-501344,2,4,9,59.99,20
SO-501345,1,11,2,64.99,0
SO-501345,2,7,1,169.99,0
SO-501345,3,9,2,89.99,5
SO-501346,1,16,1,74.99,0
SO-501346,2,21,2,24.99,15
SO-501347,1,1,1,199.99,0
SO-501347,2,23,3,34.99,0
SO-501348,1,22,2,73.99,10
SO-501348,2,9,1,83.99,15
SO-501349,1,23,1,34.99,0
SO-501350,1,15,2,39.99,0
SO-501350,2,21,3,24.99,10
SO-501350,3,20,2,599.99,10
SO-501350,4,16,1,74.99,0
SO-501351,1,8,1,54.99,5
SO-501352,1,23,1,34.99,0
SO-501352,2,21,2,24.99,10
SO-501352,3,8,1,54.99,10
SO-501352,4,5,2,39.99,10
SO-501353,1,1,2,199.99,0
SO-501353,2,15,2,39.99,10
SO-501354,1,13,1,129.99,10
SO-501354,2,1,1,199.99,0
SO-501355,1,23,1,34.99,0
SO-501355,2,13,1,129.99,0
SO-501356,1,20,17,599.99,20
SO-501356,2,12,17,19.99,20
SO-501356,3,22,8,79.99,15
SO-501357,1,9,1,89.99,0
SO-501358,1,19,1,699.99,0
SO-501359,1,17,3,17.99,15
SO-501360,1,9,1,89.99,10
SO-501360,2,1,1,199.99,0
SO-501361,1,24,2,44.99,0
SO-501362,1,7,1,169.99,5
SO-501362,2,13,1,129.99,0
SO-501363,1,19,1,699.99,0
SO-501363,2,5,3,39.99,0
SO-501364,1,19,1,699.99,0
SO-501364,2,21,2,24.99,0
SO-501365,1,2,2,179.99,15
SO-501365,2,6,3,29.99,0
SO-501365,3,15,1,39.99,0
SO-501366,1,13,2,129.99,0
SO-501366,2,15,1,39.99,0
SO-501367,1,6,1,29.99,0
SO-501368,1,21,3,24.99,0
SO-501368,2,13,1,129.99,0
SO-501368,3,4,1,59.99,0
SO-501369,1,20,1,599.99,10
SO-501369,2,24,1,44.99,0
SO-501370,1,23,1,34.99,0
SO-501370,2,12,3,19.99,0
SO-501371,1,16,1,74.99,10
SO-501372,1,19,1,699.99,0
SO-501373,1,17,2,17.99,0
SO-501374,1,11,1,64.99,10
SO-501374,2,24,3,44.99,0
SO-501374,3,21,1,24.99,0
SO-501375,1,23,2,32.99,10
SO-501375,2,7,1,157.99,0
SO-501375,3,24,2,41.99,10
SO-501375,4,21,1,22.99,5
SO-501376,1,9,1,89.99,0
SO-501376,2,21,2,24.99,0
SO-501377,1,8,1,50.99,10
SO-501377,2,19,1,650.99,10
SO-501377,3,23,1,32.99,5
SO-501378,1,24,3,44.99,5
SO-501379,1,21,3,24.99,0
SO-501380,1,2,1,179.99,0
SO-501381,1,4,1,59.99,0
SO-501382,1,20,2,599.99,0
SO-501382,2,11,1,64.99,5
SO-501383,1,20,1,557.99,5
SO-501384,1,20,2,599.99,10
SO-501384,2,21,1,24.99,0
SO-501385,1,19,2,699.99,5
SO-501386,1,4,1,59.99,0
SO-501386,2,5,1,39.99,15
SO-501387,1,20,1,599.99,5
SO-501387,2,15,3,39.99,0
SO-501388,1,22,2,79.99,0
SO-501388,2,12,3,19.99,0
SO-501389,1,3,3,49.99,0
SO-501389,2,16,1,74.99,5
SO-501390,1,5,2,39.99,5
SO-501390,2,2,1,179.99,10
SO-501391,1,5,3,39.99,0
SO-501391,2,14,1,99.99,10
SO-501392,1,21,2,24.99,0
SO-501393,1,23,2,34.99,0
SO-501393,2,9,1,89.99,10
SO-501394,1,21,3,24.99,15
SO-501394,2,22,6,79.99,20
SO-501395,1,11,2,64.99,10
SO-501396,1,4,1,59.99,5
SO-501396,2,17,3,17.99,0
SO-501397,1,2,1,179.99,0
SO-501397,2,17,3,17.99,0
SO-501398,1,22,2,79.99,0
SO-501399,1,11,1,64.99,0
SO-501400,1,17,2,17.99,0
SO-501400,2,20,2,599.99,0
SO-501401,1,6,1,29.99,10
SO-501402,1,4,1,59.99,10
SO-501402,2,10,1,149.99,0
SO-501402,3,22,1,79.99,5
SO-501403,1,9,1,89.99,15
SO-501403,2,10,1,149.99,0
SO-501404,1,16,1,74.99,10
SO-501404,2,1,1,199.99,10
SO-501405,1,5,1,39.99,5
SO-501405,2,10,1,149.99,0
SO-501406,1,13,1,129.99,5
SO-501407,1,8,1,54.99,0
SO-501408,1,6,1,29.99,10
SO-501409,1,7,1,169.99,5
SO-501410,1,16,2,74.99,10
SO-501410,2,19,2,699.99,0
SO-501411,1,1,1,199.99,0
SO-501411,2,23,2,34.99,0
SO-501411,3,15,1,39.99,15
SO-501411,4,6,3,29.99,0
SO-501412,1,1,2,199.99,15
SO-501413,1,9,1,89.99,0
SO-501413,2,15,2,39.99,0
SO-501414,1,9,2,89.99,0
SO-501415,1,23,1,34.99,10
SO-501415,2,22,1,79.99,5
SO-501416,1,10,1,149.99,0
SO-501417,1,21,1,24.99,15
SO-501417,2,2,1,179.99,0
SO-501418,1,20,1,599.99,0
SO-501419,1,13,1,129.99,15
SO-501419,2,19,1,699.99,5
SO-501419,3,14,1,99.99,0
SO-501419,4,7,1,169.99,10
SO-501420,1,3,1,49.99,0
SO-501420,2,11,1,64.99,0
SO-501421,1,16,1,74.99,5
SO-501421,2,21,1,24.99,5
SO-501421,3,6,1,29.99,5
SO-501421,4,1,1,199.99,0
SO-501422,1,13,2,129.99,0
SO-501423,1,4,1,59.99,0
SO-501424,1,6,3,29.99,0
SO-501424,2,9,1,89.99,0
SO-501425,1,7,1,157.99,0
SO-501426,1,2,1,179.99,10
SO-501426,2,7,1,169.99,0
SO-501426,3,15,1,39.99,0
SO-501427,1,4,1,59.99,0
SO-501427,2,10,1,149.99,15
SO-501428,1,22,2,79.99,15
SO-501428,2,14,1,99.99,0
SO-501429,1,23,2,34.99,10
SO-501429,2,12,1,19.99,10
SO-501429,3,11,1,64.99,5
SO-501430,1,12,3,19.99,0
SO-501430,2,17,1,17.99,0
SO-501431,1,18,1,14.99,15
SO-501431,2,22,1,79.99,5
SO-501431,3,7,2,169.99,5
SO-501432,1,4,2,59.99,5
SO-501433,1,6,1,29.99,5
SO-501433,2,9,1,89.99,0
SO-501434,1,13,2,129.99,15
SO-501435,1,19,1,699.99,10
SO-501435,2,23,3,34.99,0
SO-501435,3,20,1,599.99,0
SO-501436,1,7,1,169.99,5
SO-501436,2,21,1,24.99,0
SO-501437,1,17,2,17.99,5
SO-501437,2,14,2,99.99,5
SO-501438,1,17,2,17.99,0
SO-501438,2,1,1,199.99,0
SO-501439,1,20,1,599.99,15
SO-501439,2,17,1,17.99,0
SO-501439,3,22,2,79.99,0
SO-501439,4,7,1,169.99,5
SO-501440,1,19,1,699.99,0
SO-501441,1,5,2,39.99,0
SO-501442,1,11,1,64.99,5
SO-501442,2,16,1,74.99,10
SO-501443,1,23,2,32.99,0
SO-501443,2,12,3,18.99,5
SO-501443,3,14,1,92.99,0
SO-501444,1,10,1,149.99,10
SO-501444,2,2,1,179.99,0
SO-501445,1,16,2,74.99,0
SO-501446,1,20,1,599.99,0
SO-501447,1,17,3,17.99,0
SO-501447,2,22,2,79.99,10
SO-501448,1,22,1,79.99,0
SO-501448,2,14,2,99.99,0
SO-501449,1,10,2,149.99,5
SO-501449,2,14,1,99.99,0
SO-501450,1,11,1,64.99,5
SO-501451,1,14,1,92.99,0
SO-501451,2,1,1,185.99,0
SO-501452,1,1,2,199.99,15
SO-501453,1,12,3,19.99,10
SO-501454,1,8,8,54.99,15
SO-501454,2,12,9,19.99,25
SO-501454,3,22,5,79.99,20
SO-501454,4,23,5,34.99,15
SO-501455,1,5,18,39.99,15
SO-501455,2,18,18,14.99,15
SO-501455,3,4,13,59.99,25
SO-501456,1,17,2,17.99,15
SO-501456,2,24,2,44.99,0
SO-501457,1,6,3,29.99,0
SO-501458,1,20,1,599.99,0
SO-501459,1,3,1,49.99,5
SO-501460,1,21,3,24.99,10
SO-501461,1,19,1,699.99,10
SO-501461,2,24,2,44.99,5
SO-501462,1,15,1,39.99,15
SO-501462,2,16,2,74.99,0
SO-501462,3,12,2,19.99,5
SO-501463,1,8,2,54.99,5
SO-501463,2,3,3,49.99,0
SO-501463,3,17,3,17.99,0
SO-501463,4,7,1,169.99,0
SO-501464,1,23,1,34.99,0
SO-501465,1,21,3,24.99,10
SO-501465,2,3,3,49.99,0
SO-501466,1,1,1,199.99,15
SO-501467,1,1,1,199.99,0
SO-501468,1,24,1,44.99,15
SO-501468,2,5,2,39.99,10
SO-501468,3,13,1,129.99,10
SO-501469,1,6,1,29.99,15
SO-501469,2,1,1,199.99,0
SO-501470,1,23,2,34.99,0
SO-501470,2,4,1,59.99,0
SO-501470,3,12,2,19.99,0
SO-501470,4,11,1,64.99,0
SO-501471,1,21,3,24.99,0
SO-501471,2,23,3,34.99,10
SO-501472,1,23,1,34.99,5
SO-501473,1,6,3,29.99,5
SO-501473,2,9,2,89.99,15
SO-501473,3,2,1,179.99,5
SO-501473,4,13,1,129.99,5
SO-501474,1,11,2,59.99,0
SO-501475,1,12,19,19.99,25
SO-501475,2,8,8,54.99,15
SO-501475,3,20,9,599.99,25
SO-501475,4,11,16,64.99,15
SO-501476,1,20,1,599.99,0
SO-501476,2,3,2,49.99,10
SO-501477,1,15,1,39.99,10
SO-501477,2,7,1,169.99,0
SO-501478,1,16,1,74.99,0
SO-501479,1,9,1,89.99,0
SO-501479,2,5,3,39.99,10
SO-501480,1,22,2,79.99,0
SO-501481,1,6,2,29.99,10
SO-501481,2,22,2,79.99,5
SO-501482,1,7,1,169.99,0
SO-501482,2,22,1,79.99,0
SO-501482,3,17,1,17.99,0
SO-501483,1,6,3,29.99,0
SO-501483,2,1,1,199.99,10
SO-501483,3,12,1,19.99,0
SO-501484,1,12,3,19.99,10
SO-501485,1,13,1,129.99,10
SO-501486,1,8,2,54.99,0
SO-501487,1,16,1,74.99,5
SO-501488,1,17,2,16.99,15
SO-501489,1,9,1,89.99,5
SO-501490,1,21,3,24.99,5
SO-501491,1,20,1,599.99,0
SO-501492,1,11,1,64.99,15
SO-501492,2,22,1,79.99,0
SO-501493,1,13,1,129.99,10
SO-501493,2,20,2,599.99,0
SO-501494,1,6,2,29.99,10
SO-501495,1,8,2,54.99,5
SO-501495,2,20,1,599.99,15
SO-501495,3,24,2,44.99,0
SO-501496,1,1,2,199.99,0
SO-501497,1,15,2,39.99,15
SO-501498,1,21,9,24.99,15
SO-501498,2,9,9,89.99,20
SO-501499,1,4,1,59.99,15
SO-501500,1,2,1,179.99,0
SO-501500,2,21,2,24.99,10
SO-501500,3,24,2,44.99,10
SO-501500,4,12,2,19.99,0
SO-501501,1,19,1,699.99,0
SO-501501,2,23,2,34.99,0
SO-501502,1,18,1,14.99,0
SO-501502,2,24,3,44.99,0
SO-501503,1,24,3,44.99,5
SO-501504,1,19,1,699.99,10
SO-501504,2,22,1,79.99,0
SO-501505,1,11,1,64.99,0
SO-501506,1,9,1,89.99,15
SO-501507,1,6,14,29.99,15
SO-501507,2,14,21,99.99,25
SO-501508,1,21,1,22.99,5
SO-501508,2,18,1,13.99,0
SO-501508,3,16,2,69.99,0
SO-501509,1,20,5,599.99,15
SO-501509,2,13,5,129.99,15
SO-501510,1,11,1,64.99,15
SO-501510,2,23,3,34.99,0
SO-501511,1,1,1,199.99,0
SO-501511,2,4,1,59.99,0
SO-501511,3,8,1,54.99,0
SO-501512,1,14,1,99.99,0
SO-501513,1,6,1,29.99,15
SO-501513,2,5,3,39.99,5
SO-501513,3,16,1,74.99,0
SO-501514,1,15,2,36.99,0
SO-501514,2,23,2,32.99,5
SO-501515,1,15,1,39.99,0
SO-501516,1,21,3,24.99,0
SO-501516,2,1,1,199.99,0
SO-501517,1,12,3,19.99,0
SO-501517,2,21,3,24.99,0
SO-501518,1,9,2,89.99,10
SO-501518,2,2,2,179.99,0
SO-501518,3,8,1,54.99,0
SO-501519,1,22,1,73.99,0
SO-501520,1,2,1,179.99,0
SO-501520,2,1,1,199.99,15
SO-501521,1,2,1,179.99,0
SO-501521,2,18,2,14.99,5
SO-501522,1,16,1,74.99,5
SO-501522,2,5,1,39.99,10
SO-501523,1,24,1,44.99,0
SO-501523,2,16,1,74.99,0
SO-501524,1,8,1,54.99,0
SO-501525,1,18,3,14.99,10
SO-501526,1,4,1,59.99,0
SO-501526,2,2,1,179.99,0
SO-501526,3,5,2,39.99,0
SO-501527,1,7,1,169.99,15
SO-501527,2,4,1,59.99,0
SO-501528,1,7,1,169.99,15
SO-501529,1,20,1,599.99,0
SO-501529,2,5,1,39.99,5
SO-501530,1,14,4,99.99,15
SO-501530,2,13,3,129.99,15
SO-501530,3,8,8,54.99,25
SO-501530,4,19,3,699.99,20
SO-501531,1,10,1,149.99,15
SO-501531,2,24,1,44.99,10
SO-501531,3,18,3,14.99,0
SO-501531,4,22,1,79.99,10
SO-501532,1,8,6,54.99,15
SO-501532,2,20,9,599.99,20
SO-501532,3,19,8,699.99,20
SO-501532,4,10,6,149.99,15
SO-501533,1,22,1,79.99,0
SO-501534,1,24,1,41.99,15
SO-501535,1,5,2,39.99,10
SO-501535,2,11,1,64.99,10
SO-501536,1,8,1,54.99,0
SO-501536,2,12,2,19.99,0
SO-501536,3,4,1,59.99,0
SO-501536,4,11,1,64.99,0
SO-501537,1,11,1,64.99,0
SO-501538,1,3,1,49.99,0
SO-501539,1,23,1,34.99,0
SO-501540,1,11,1,64.99,0
SO-501540,2,15,2,39.99,0
SO-501541,1,12,3,18.99,0
SO-501541,2,16,1,69.99,0
SO-501542,1,20,2,599.99,10
SO-501542,2,18,2,14.99,0
SO-501543,1,18,1,14.99,15
SO-501544,1,23,3,34.99,5
SO-501545,1,16,1,74.99,0
SO-501545,2,2,1,179.99,10
SO-501546,1,19,1,699.99,10
SO-501547,1,20,1,557.99,0
SO-501547,2,14,1,92.99,10
SO-501548,1,6,1,29.99,15
SO-501548,2,22,2,79.99,0
SO-501549,1,15,1,39.99,5
SO-501550,1,24,2,44.99,0
SO-501551,1,9,1,89.99,0
SO-501551,2,18,1,14.99,15
SO-501552,1,17,2,17.99,0
SO-501552,2,1,2,199.99,0
SO-501553,1,11,2,64.99,10
SO-501554,1,17,1,17.99,0
SO-501555,1,15,2,36.99,0
SO-501555,2,8,1,50.99,0
SO-501556,1,5,1,39.99,0
SO-501556,2,9,1,89.99,0
SO-501557,1,8,1,54.99,0
SO-501558,1,12,1,19.99,0
SO-501558,2,2,2,179.99,0
SO-501559,1,2,1,179.99,0
SO-501560,1,24,3,44.99,0
SO-501560,2,17,3,17.99,15
SO-501561,1,17,2,16.99,0
SO-501562,1,11,1,59.99,15
SO-501562,2,19,2,650.99,0
SO-501563,1,12,3,19.99,0
SO-501564,1,9,1,89.99,0
SO-501565,1,15,3,39.99,20
SO-501565,2,5,9,39.99,20
SO-501565,3,16,9,74.99,20
SO-501565,4,2,5,179.99,15
SO-501566,1,19,1,699.99,0
SO-501566,2,17,3,17.99,5
SO-501566,3,13,1,129.99,5
SO-501566,4,2,1,179.99,5
SO-501567,1,17,1,16.99,10
SO-501568,1,15,2,39.99,0
SO-501568,2,23,3,34.99,0
SO-501569,1,20,2,557.99,0
SO-501570,1,23,1,32.99,0
SO-501571,1,18,3,14.99,0
SO-501571,2,8,1,54.99,0
SO-501572,1,12,2,19.99,0
SO-501572,2,22,2,79.99,0
SO-501573,1,13,2,129.99,10
SO-501574,1,22,1,79.99,0
SO-501574,2,4,1,59.99,0
SO-501575,1,21,2,24.99,10
SO-501576,1,4,9,59.99,20
SO-501576,2,9,3,89.99,15
SO-501576,3,10,9,149.99,20
SO-501576,4,15,3,39.99,15
SO-501577,1,1,2,199.99,0
SO-501578,1,9,1,89.99,30
SO-501579,1,2,2,179.99,5
SO-501580,1,3,1,49.99,0
SO-501580,2,10,1,149.99,15
SO-501580,3,8,1,54.99,5
SO-501580,4,4,1,59.99,5
SO-501581,1,21,1,24.99,15
SO-501582,1,2,1,179.99,10
SO-501582,2,15,3,39.99,15
SO-501582,3,10,2,149.99,5
SO-501582,4,6,2,29.99,0
SO-501583,1,13,2,129.99,0
SO-501583,2,7,2,169.99,0
SO-501584,1,3,3,49.99,20
SO-501584,2,21,3,24.99,20
SO-501585,1,19,2,699.99,0
SO-501586,1,18,1,14.99,15
SO-501587,1,23,3,34.99,0
SO-501587,2,20,2,599.99,5
SO-501587,3,22,1,79.99,0
SO-501588,1,17,2,17.99,10
SO-501588,2,18,1,14.99,0
SO-501589,1,21,2,24.99,5
SO-501589,2,16,1,74.99,5
SO-501589,3,22,1,79.99,5
SO-501590,1,13,2,129.99,0
SO-501590,2,11,2,64.99,0
SO-501591,1,10,1,149.99,0
SO-501591,2,20,1,599.99,15
SO-501592,1,4,1,59.99,0
SO-501592,2,16,1,74.99,5
SO-501593,1,18,2,13.99,0
SO-501594,1,21,1,24.99,0
SO-501595,1,24,3,44.99,5
SO-501595,2,20,1,599.99,0
SO-501596,1,7,1,169.99,0
SO-501596,2,6,1,29.99,0
SO-501596,3,5,1,39.99,0
SO-501596,4,11,1,64.99,5
SO-501597,1,22,1,79.99,30
SO-501597,2,12,1,19.99,30
SO-501598,1,2,1,179.99,0
SO-501598,2,5,1,39.99,0
SO-501599,1,2,2,179.99,0
SO-501599,2,22,2,79.99,0
SO-501600,1,1,1,199.99,0
SO-501600,2,2,1,179.99,0
SO-501600,3,21,3,24.99,0
SO-501600,4,15,2,39.99,5
SO-501601,1,2,1,179.99,10
SO-501601,2,6,3,29.99,0
SO-501601,3,20,2,599.99,0
SO-501602,1,22,2,79.99,5
SO-501603,1,1,1,199.99,0
SO-501603,2,17,3,17.99,15
SO-501603,3,10,1,149.99,0
SO-501604,1,2,1,179.99,10
SO-501604,2,9,1,89.99,0
SO-501605,1,13,1,129.99,0
SO-501605,2,6,1,29.99,0
SO-501606,1,7,2,157.99,0
SO-501607,1,5,3,39.99,0
SO-501607,2,11,1,64.99,0
SO-501608,1,1,2,199.99,10
SO-501608,2,7,1,169.99,15
SO-501608,3,20,1,599.99,0
SO-501608,4,17,2,17.99,0
SO-501609,1,13,1,129.99,30
SO-501610,1,18,1,14.99,5
SO-501610,2,11,1,64.99,5
SO-501611,1,20,2,599.99,10
SO-501612,1,1,1,199.99,10
SO-501612,2,15,1,39.99,0
SO-501613,1,19,1,699.99,0
SO-501613,2,5,3,39.99,0
SO-501613,3,12,3,19.99,0
SO-501614,1,20,1,599.99,0
SO-501615,1,2,1,179.99,0
SO-501615,2,4,1,59.99,10
SO-501615,3,3,1,49.99,5
SO-501616,1,11,1,64.99,5
SO-501616,2,5,2,39.99,0
SO-501617,1,13,2,129.99,0
SO-501617,2,14,1,99.99,0
SO-501617,3,1,1,199.99,0
SO-501618,1,4,1,59.99,0
SO-501618,2,16,1,74.99,15
SO-501619,1,13,8,129.99,20
SO-501619,2,18,9,14.99,25
SO-501619,3,5,4,39.99,25
SO-501619,4,20,9,599.99,20
SO-501620,1,15,3,39.99,10
SO-501620,2,9,2,89.99,0
SO-501620,3,13,1,129.99,15
SO-501621,1,1,1,199.99,0
SO-501621,2,7,2,169.99,5
SO-501621,3,9,1,89.99,0
SO-501622,1,15,2,39.99,0
SO-501623,1,21,3,24.99,0
SO-501624,1,9,1,89.99,0
SO-501625,1,10,1,149.99,10
SO-501626,1,22,2,79.99,0
SO-501627,1,19,2,699.99,10
SO-501627,2,20,2,599.99,5
SO-501628,1,24,3,44.99,15
SO-501628,2,19,1,699.99,10
SO-501628,3,18,2,14.99,0
SO-501628,4,5,3,39.99,10
SO-501629,1,21,3,24.99,10
SO-501629,2,6,2,29.99,0
SO-501630,1,6,1,29.99,0
SO-501630,2,16,1,74.99,5
SO-501631,1,21,2,24.99,0
SO-501631,2,19,1,699.99,0
SO-501632,1,22,1,79.99,0
SO-501633,1,5,2,39.99,0
SO-501633,2,1,1,199.99,0
SO-501634,1,19,1,699.99,15
SO-501635,1,4,1,59.99,5
SO-501636,1,15,1,39.99,15
SO-501636,2,9,2,89.99,0
SO-501637,1,9,6,89.99,15
SO-501637,2,23,5,34.99,20
SO-501637,3,2,7,179.99,15
SO-501637,4,16,8,74.99,15
SO-501638,1,14,1,99.99,30
SO-501638,2,18,1,14.99,30
SO-501638,3,16,1,74.99,30
SO-501638,4,3,2,49.99,30
SO-501639,1,15,3,39.99,10
SO-501639,2,7,2,169.99,10
SO-501639,3,6,1,29.99,0
SO-501640,1,23,3,34.99,10
SO-501640,2,7,1,169.99,0
SO-501641,1,2,2,166.99,0
SO-501642,1,4,1,59.99,0
SO-501642,2,12,3,19.99,15
SO-501643,1,10,1,149.99,0
SO-501643,2,17,3,17.99,0
SO-501644,1,24,2,44.99,0
SO-501645,1,14,2,99.99,0
SO-501646,1,21,3,24.99,0
SO-501646,2,5,2,39.99,0
SO-501647,1,19,1,650.99,0
SO-501647,2,7,1,157.99,5
SO-501647,3,9,1,83.99,10
SO-501647,4,17,3,16.99,15
SO-501648,1,7,1,169.99,5
SO-501649,1,12,1,19.99,15
SO-501649,2,8,2,54.99,0
SO-501650,1,20,10,599.99,25
SO-501650,2,17,16,17.99,15
SO-501651,1,14,1,92.99,0
SO-501651,2,20,1,557.99,0
SO-501652,1,12,3,19.99,0
SO-501653,1,21,1,24.99,0
SO-501653,2,20,1,599.99,0
SO-501654,1,20,1,557.99,0
SO-501654,2,4,1,55.99,15
SO-501655,1,20,2,599.99,0
SO-501656,1,3,2,49.99,15
SO-501657,1,21,1,24.99,0
SO-501658,1,17,3,17.99,15
SO-501659,1,8,1,54.99,0
SO-501659,2,6,2,29.99,0
SO-501660,1,9,9,89.99,20
SO-501660,2,1,6,199.99,15
SO-501660,3,4,8,59.99,20
SO-501661,1,23,3,34.99,0
SO-501661,2,3,3,49.99,10
SO-501662,1,4,1,55.99,0
SO-501662,2,13,2,120.99,10
SO-501663,1,10,1,149.99,5
SO-501664,1,21,3,24.99,0
SO-501665,1,3,2,45.99,0
SO-501665,2,10,1,138.99,0
SO-501666,1,4,2,59.99,0
SO-501666,2,1,1,199.99,5
SO-501666,3,6,1,29.99,0
SO-501667,1,6,2,29.99,0
SO-501667,2,11,1,64.99,0
SO-501667,3,10,2,149.99,0
SO-501667,4,19,1,699.99,10
SO-501668,1,12,10,19.99,15
SO-501668,2,9,6,89.99,15
SO-501668,3,7,8,169.99,15
SO-501669,1,20,1,599.99,0
SO-501669,2,22,1,79.99,0
SO-501670,1,4,1,55.99,10
SO-501670,2,23,3,32.99,5
SO-501671,1,22,1,79.99,0
SO-501671,2,19,1,699.99,0
SO-501672,1,16,2,74.99,0
SO-501672,2,2,2,179.99,0
SO-501672,3,9,2,89.99,0
SO-501672,4,10,1,149.99,15
SO-501673,1,14,1,99.99,0
SO-501673,2,5,2,39.99,0
SO-501674,1,11,2,64.99,0
SO-501675,1,17,2,16.99,10
SO-501675,2,2,1,166.99,0
SO-501676,1,24,3,44.99,0
SO-501676,2,22,1,79.99,5
SO-501677,1,22,1,79.99,0
SO-501678,1,19,2,699.99,0
SO-501679,1,23,2,34.99,15
SO-501680,1,5,1,39.99,15
SO-501681,1,16,1,74.99,0
SO-501682,1,23,3,34.99,15
SO-501682,2,3,2,49.99,0
SO-501683,1,8,1,54.99,0
SO-501683,2,4,1,59.99,15
SO-501684,1,17,3,17.99,0
SO-501684,2,12,2,19.99,0
SO-501684,3,4,1,59.99,0
SO-501685,1,20,2,599.99,0
SO-501686,1,10,2,149.99,0
SO-501686,2,11,2,64.99,0
SO-501687,1,18,1,14.99,0
SO-501687,2,9,2,89.99,0
SO-501688,1,11,1,64.99,0
SO-501689,1,8,1,54.99,0
SO-501689,2,2,2,179.99,0
SO-501690,1,19,2,650.99,0
SO-501690,2,1,1,185.99,10
SO-501691,1,7,1,169.99,15
SO-501691,2,15,2,39.99,0
SO-501691,3,22,1,79.99,0
SO-501692,1,3,2,49.99,0
SO-501693,1,11,1,59.99,5
SO-501694,1,22,1,79.99,0
SO-501694,2,19,1,699.99,0
SO-501694,3,24,1,44.99,0
SO-501694,4,5,1,39.99,0
SO-501695,1,10,2,149.99,10
SO-501696,1,23,2,34.99,10
SO-501696,2,12,2,19.99,5
SO-501697,1,8,1,50.99,5
SO-501698,1,21,3,24.99,0
SO-501699,1,3,3,49.99,0
SO-501699,2,16,2,74.99,0
SO-501700,1,13,2,129.99,5
SO-501701,1,6,2,29.99,5
SO-501702,1,19,2,699.99,5
SO-501703,1,24,3,44.99,0
SO-501704,1,2,1,179.99,5
SO-501704,2,22,1,79.99,0
SO-501704,3,19,2,699.99,0
SO-501705,1,14,1,99.99,10
SO-501705,2,24,2,44.99,0
SO-501706,1,5,3,39.99,0
SO-501706,2,13,1,129.99,0
SO-501706,3,9,2,89.99,0
SO-501706,4,24,2,44.99,0
SO-501707,1,12,2,19.99,5
SO-501707,2,11,2,64.99,0
SO-501708,1,1,2,185.99,0
SO-501709,1,9,2,89.99,0
SO-501710,1,8,1,50.99,0
SO-501711,1,22,2,79.99,0
SO-501711,2,3,2,49.99,5
SO-501712,1,17,1,17.99,0
SO-501712,2,7,1,169.99,10
SO-501713,1,15,1,39.99,0
SO-501713,2,20,1,599.99,10
SO-501713,3,12,2,19.99,10
SO-501713,4,11,1,64.99,0
SO-501714,1,23,2,32.99,0
SO-501715,1,7,2,169.99,0
SO-501716,1,15,2,39.99,0
SO-501717,1,17,2,17.99,0
SO-501718,1,24,3,44.99,0
SO-501719,1,4,17,59.99,20
SO-501719,2,8,21,54.99,20
SO-501719,3,2,11,179.99,25
SO-501720,1,16,1,74.99,15
SO-501720,2,21,1,24.99,0
SO-501721,1,1,1,199.99,0
SO-501721,2,12,3,19.99,5
SO-501721,3,14,2,99.99,5
SO-501722,1,4,1,55.99,0
SO-501722,2,12,1,18.99,0
SO-501723,1,16,14,74.99,25
SO-501723,2,4,21,59.99,20
SO-501723,3,17,20,17.99,15
SO-501723,4,15,18,39.99,25
SO-501724,1,21,1,24.99,10
SO-501724,2,20,1,599.99,0
SO-501725,1,9,2,89.99,0
SO-501725,2,17,2,17.99,0
SO-501726,1,2,1,179.99,0
SO-501726,2,24,1,44.99,0
SO-501727,1,21,13,24.99,15
SO-501727,2,13,9,129.99,20
SO-501727,3,15,15,39.99,25
SO-501728,1,18,2,14.99,0
SO-501729,1,11,4,59.99,15
SO-501729,2,24,9,41.99,15
SO-501729,3,3,4,45.99,20
SO-501730,1,16,4,69.99,15
SO-501730,2,24,3,41.99,20
SO-501730,3,2,8,166.99,20
SO-501730,4,11,6,59.99,15
SO-501731,1,22,1,79.99,5
SO-501731,2,1,1,199.99,15
SO-501732,1,16,2,74.99,0
SO-501732,2,6,2,29.99,5
SO-501733,1,20,2,599.99,30
SO-501734,1,1,2,199.99,10
SO-501734,2,24,2,44.99,15
SO-501735,1,10,2,149.99,10
SO-501736,1,1,1,199.99,0
SO-501736,2,13,1,129.99,0
SO-501737,1,20,1,599.99,0
SO-501737,2,3,2,49.99,10
SO-501738,1,11,1,64.99,0
SO-501738,2,12,2,19.99,5
SO-501739,1,4,2,59.99,0
SO-501739,2,21,3,24.99,0
SO-501740,1,1,1,199.99,0
SO-501740,2,17,1,17.99,5
SO-501740,3,2,2,179.99,0
SO-501741,1,14,1,99.99,0
SO-501741,2,24,1,44.99,15
SO-501741,3,15,2,39.99,0
SO-501741,4,20,2,599.99,10
SO-501742,1,15,2,39.99,10
SO-501742,2,22,1,79.99,0
SO-501743,1,3,10,49.99,20
SO-501743,2,5,4,39.99,15
SO-501744,1,15,1,39.99,15
SO-501744,2,14,1,99.99,5
SO-501745,1,23,3,34.99,10
SO-501745,2,16,2,74.99,15
SO-501746,1,2,1,179.99,0
SO-501747,1,15,3,39.99,0
SO-501748,1,2,1,179.99,0
SO-501749,1,19,1,699.99,0
SO-501749,2,3,2,49.99,5
SO-501750,1,18,2,14.99,0
SO-501750,2,13,1,129.99,15
SO-501751,1,13,1,129.99,0
SO-501752,1,11,1,64.99,0
SO-501752,2,1,1,199.99,5
SO-501753,1,6,2,29.99,5
SO-501753,2,16,2,74.99,0
SO-501754,1,9,2,89.99,0
SO-501754,2,13,1,129.99,5
SO-501755,1,3,3,49.99,0
SO-501755,2,1,1,199.99,10
SO-501755,3,22,1,79.99,0
SO-501756,1,3,3,49.99,0
SO-501757,1,2,1,179.99,5
SO-501757,2,20,1,599.99,5
SO-501758,1,17,3,16.99,10
SO-501758,2,13,1,120.99,0
SO-501758,3,7,1,157.99,0
SO-501758,4,6,1,27.99,15
SO-501759,1,24,3,44.99,0
SO-501759,2,2,2,179.99,10
SO-501760,1,9,2,89.99,0
SO-501761,1,7,1,169.99,0
SO-501761,2,23,2,34.99,0
SO-501762,1,5,1,39.99,0
SO-501763,1,4,2,59.99,0
SO-501763,2,16,1,74.99,5
SO-501764,1,5,3,39.99,0
SO-501765,1,23,3,34.99,0
SO-501765,2,12,1,19.99,15
SO-501766,1,11,1,64.99,0
SO-501767,1,7,1,157.99,0
SO-501767,2,3,1,45.99,0
SO-501768,1,23,3,34.99,0
SO-501768,2,16,1,74.99,5
SO-501769,1,23,3,34.99,0
SO-501770,1,22,1,79.99,10
SO-501770,2,2,1,179.99,15
SO-501770,3,24,1,44.99,0
SO-501771,1,24,1,44.99,0
SO-501771,2,1,1,199.99,0
SO-501772,1,19,1,699.99,0
SO-501772,2,5,1,39.99,15
SO-501772,3,11,1,64.99,0
SO-501772,4,18,1,14.99,0
SO-501773,1,18,2,14.99,0
SO-501773,2,4,1,59.99,0
SO-501774,1,19,1,650.99,0
SO-501775,1,19,1,699.99,5
SO-501776,1,23,1,34.99,0
SO-501776,2,9,1,89.99,15
SO-501777,1,10,1,149.99,5
SO-501778,1,19,1,699.99,0
SO-501778,2,15,1,39.99,0
SO-501779,1,13,1,129.99,0
SO-501780,1,8,1,54.99,0
SO-501780,2,9,1,89.99,10
SO-501780,3,7,1,169.99,5
SO-501780,4,21,3,24.99,5
SO-501781,1,7,1,169.99,5
SO-501781,2,10,2,149.99,0
SO-501782,1,11,1,64.99,10
SO-501782,2,20,1,599.99,15
SO-501782,3,18,1,14.99,0
SO-501783,1,16,1,74.99,0
SO-501783,2,9,1,89.99,0
SO-501784,1,11,1,64.99,0
SO-501784,2,6,1,29.99,0
SO-501784,3,15,3,39.99,15
SO-501785,1,7,2,169.99,0
SO-501785,2,10,2,149.99,0
SO-501786,1,15,2,39.99,10
SO-501786,2,24,1,44.99,0
SO-501787,1,11,1,64.99,0
SO-501788,1,11,2,64.99,15
SO-501789,1,16,1,69.99,5
SO-501789,2,14,1,92.99,0
SO-501790,1,12,1,19.99,5
SO-501791,1,23,2,34.99,0
SO-501791,2,16,1,74.99,0
SO-501792,1,14,2,99.99,0
SO-501793,1,23,1,34.99,0
SO-501793,2,4,2,59.99,0
SO-501794,1,19,1,699.99,5
SO-501794,2,21,2,24.99,0
SO-501795,1,6,2,29.99,10
SO-501795,2,15,1,39.99,0
SO-501795,3,24,2,44.99,0
SO-501795,4,9,1,89.99,0
SO-501796,1,2,2,179.99,5
SO-501797,1,3,3,45.99,5
SO-501798,1,5,2,39.99,15
SO-501799,1,4,1,59.99,0
SO-501800,1,24,1,44.99,15
SO-501801,1,2,1,179.99,0
SO-501801,2,12,3,19.99,10
SO-501802,1,10,1,149.99,5
SO-501803,1,13,2,129.99,15
SO-501803,2,17,2,17.99,0
SO-501804,1,20,1,599.99,0
SO-501804,2,18,2,14.99,5
SO-501805,1,2,1,179.99,0
SO-501805,2,7,1,169.99,0
SO-501806,1,8,1,54.99,5
SO-501806,2,6,1,29.99,5
SO-501807,1,18,2,14.99,15
SO-501808,1,19,1,699.99,0
SO-501808,2,10,1,149.99,0
SO-501809,1,21,9,22.99,20
SO-501809,2,13,3,120.99,15
SO-501810,1,22,1,79.99,0
SO-501811,1,6,3,29.99,0
SO-501811,2,12,3,19.99,15
SO-501812,1,22,1,79.99,10
SO-501813,1,11,1,64.99,0
SO-501813,2,18,1,14.99,15
SO-501813,3,7,2,169.99,0
SO-501813,4,9,1,89.99,0
SO-501814,1,6,2,27.99,0
SO-501814,2,7,2,157.99,0
SO-501815,1,24,3,41.99,0
SO-501815,2,12,3,18.99,0
SO-501816,1,20,1,599.99,0
SO-501816,2,23,2,34.99,10
SO-501817,1,3,1,49.99,0
SO-501818,1,8,1,54.99,15
SO-501818,2,21,2,24.99,0
SO-501818,3,14,1,99.99,0
SO-501819,1,8,1,54.99,10
SO-501819,2,23,1,34.99,0
SO-501820,1,22,1,73.99,0
SO-501820,2,6,1,27.99,0
SO-501820,3,10,1,138.99,0
SO-501821,1,14,1,99.99,0
SO-501822,1,3,2,49.99,10
SO-501823,1,18,3,14.99,10
SO-501824,1,3,1,49.99,0
SO-501825,1,1,1,199.99,0
SO-501825,2,7,1,169.99,0
SO-501826,1,16,1,74.99,15
SO-501827,1,14,1,92.99,0
SO-501828,1,19,1,699.99,5
SO-501829,1,11,1,64.99,5
SO-501830,1,23,2,34.99,0
SO-501831,1,24,3,44.99,0
SO-501832,1,10,1,149.99,5
SO-501832,2,20,2,599.99,15
SO-501832,3,5,3,39.99,10
SO-501833,1,16,2,74.99,0
SO-501834,1,1,1,199.99,0
SO-501834,2,20,1,599.99,0
SO-501835,1,19,1,699.99,10
SO-501836,1,23,3,34.99,0
SO-501837,1,12,2,19.99,15
SO-501838,1,12,1,19.99,0
SO-501838,2,5,2,39.99,5
SO-501839,1,22,2,79.99,0
SO-501839,2,7,1,169.99,0
SO-501840,1,13,2,129.99,0
SO-501840,2,24,3,44.99,10
SO-501840,3,19,1,699.99,10
SO-501840,4,22,2,79.99,0
SO-501841,1,24,3,44.99,0
SO-501842,1,3,1,49.99,0
SO-501842,2,1,1,199.99,15
SO-501843,1,7,1,169.99,30
SO-501843,2,17,2,17.99,30
SO-501844,1,4,1,55.99,0
SO-501844,2,18,3,13.99,15
SO-501845,1,13,1,129.99,5
SO-501845,2,18,3,14.99,5
SO-501846,1,21,1,24.99,0
SO-501846,2,1,1,199.99,5
SO-501847,1,14,1,99.99,0
SO-501847,2,1,1,199.99,10
SO-501848,1,3,3,49.99,0
SO-501849,1,23,2,34.99,0
SO-501849,2,6,1,29.99,0
SO-501850,1,6,3,29.99,0
SO-501851,1,14,10,99.99,20
SO-501851,2,4,7,59.99,25
SO-501851,3,19,4,699.99,15
SO-501851,4,7,6,169.99,20
SO-501852,1,2,1,179.99,10
SO-501852,2,3,3,49.99,5
SO-501853,1,11,1,64.99,5
SO-501853,2,23,2,34.99,0
SO-501853,3,1,1,199.99,10
SO-501853,4,20,2,599.99,15
SO-501854,1,20,1,599.99,0
SO-501855,1,15,2,39.99,0
SO-501856,1,13,1,129.99,5
SO-501857,1,13,1,129.99,0
SO-501857,2,22,1,79.99,0
SO-501858,1,5,3,39.99,5
SO-501858,2,17,2,17.99,0
SO-501859,1,15,1,39.99,0
SO-501859,2,22,1,79.99,0
SO-501859,3,18,1,14.99,0
SO-501859,4,20,2,599.99,0
SO-501860,1,8,1,54.99,10
SO-501860,2,1,1,199.99,0
SO-501860,3,12,2,19.99,0
SO-501860,4,14,1,99.99,0
SO-501861,1,21,2,24.99,0
SO-501861,2,10,1,149.99,0
SO-501861,3,14,2,99.99,0
SO-501861,4,8,2,54.99,0
SO-501862,1,14,1,99.99,15
SO-501863,1,23,3,32.99,0
SO-501863,2,20,1,557.99,5
SO-501864,1,17,3,17.99,10
SO-501864,2,11,1,64.99,10
SO-501865,1,16,1,69.99,0
SO-501865,2,18,1,13.99,0
SO-501866,1,7,1,169.99,0
SO-501866,2,3,3,49.99,15
SO-501866,3,14,1,99.99,0
SO-501867,1,5,1,39.99,0
SO-501867,2,2,1,179.99,5
SO-501868,1,20,1,599.99,0
SO-501869,1,21,3,24.99,10
SO-501869,2,2,1,179.99,0
SO-501870,1,12,4,19.99,20
SO-501870,2,4,7,59.99,20
SO-501870,3,16,5,74.99,25
SO-501870,4,3,3,49.99,20
SO-501871,1,12,1,19.99,0
SO-501871,2,18,2,14.99,15
SO-501872,1,12,1,19.99,0
SO-501873,1,23,1,34.99,0
SO-501873,2,20,1,599.99,0
SO-501873,3,21,2,24.99,0
SO-501874,1,22,1,79.99,30
SO-501875,1,8,1,54.99,0
SO-501875,2,5,1,39.99,5
SO-501875,3,16,1,74.99,10
SO-501876,1,11,1,64.99,0
SO-501877,1,10,1,149.99,5
SO-501878,1,4,1,59.99,5
SO-501879,1,8,1,50.99,0
SO-501880,1,19,2,699.99,15
SO-501881,1,9,1,89.99,15
SO-501882,1,3,1,49.99,10
SO-501883,1,12,3,18.99,0
SO-501883,2,3,3,45.99,0
SO-501884,1,18,2,13.99,0
SO-501885,1,12,2,19.99,30
SO-501886,1,6,3,29.99,0
SO-501887,1,8,1,54.99,0
SO-501887,2,13,1,129.99,0
SO-501888,1,19,1,699.99,0
SO-501889,1,23,3,34.99,10
SO-501890,1,19,11,699.99,15
SO-501890,2,9,14,89.99,25
SO-501890,3,18,19,14.99,20
SO-501891,1,1,1,199.99,5
SO-501891,2,8,1,54.99,0
SO-501892,1,21,1,24.99,0
SO-501893,1,4,1,59.99,15
SO-501893,2,21,1,24.99,10
SO-501894,1,4,2,59.99,0
SO-501894,2,1,1,199.99,15
SO-501894,3,16,1,74.99,0
SO-501894,4,7,2,169.99,0
SO-501895,1,11,2,64.99,15
SO-501896,1,13,1,120.99,0
SO-501896,2,12,3,18.99,0
SO-501897,1,5,3,39.99,0
SO-501897,2,22,2,79.99,0
SO-501898,1,18,3,14.99,15
SO-501898,2,14,9,99.99,20
SO-501899,1,12,1,19.99,0
SO-501900,1,20,19,599.99,20
SO-501900,2,7,18,169.99,25
SO-501901,1,21,2,24.99,0
SO-501901,2,2,1,179.99,0
SO-501901,3,8,1,54.99,0
SO-501902,1,20,2,599.99,0
SO-501902,2,13,1,129.99,0
SO-501903,1,3,3,49.99,0
SO-501903,2,5,3,39.99,0
SO-501903,3,18,1,14.99,0
SO-501903,4,22,2,79.99,0
SO-501904,1,24,3,44.99,0
SO-501904,2,21,2,24.99,0
SO-501904,3,5,3,39.99,15
SO-501905,1,23,3,32.99,0
SO-501906,1,5,2,39.99,5
SO-501907,1,18,2,14.99,5
SO-501907,2,21,3,24.99,5
SO-501908,1,5,3,39.99,0
SO-501908,2,6,1,29.99,0
SO-501909,1,24,2,44.99,10
SO-501909,2,10,1,149.99,0
SO-501909,3,11,1,64.99,0
SO-501910,1,12,13,19.99,15
SO-501910,2,23,12,34.99,15
SO-501910,3,5,21,39.99,15
SO-501910,4,9,8,89.99,25
SO-501911,1,22,2,79.99,0
SO-501912,1,1,1,185.99,30
SO-501913,1,22,1,79.99,0
SO-501914,1,13,1,129.99,0
SO-501915,1,20,1,599.99,0
SO-501916,1,4,1,59.99,0
SO-501917,1,16,2,74.99,0
SO-501917,2,10,1,149.99,0
SO-501918,1,13,4,129.99,15
SO-501918,2,22,5,79.99,15
SO-501918,3,2,10,179.99,20
SO-501918,4,19,9,699.99,20
SO-501919,1,7,1,169.99,15
SO-501919,2,21,1,24.99,0
SO-501920,1,1,1,199.99,0
SO-501920,2,2,2,179.99,0
SO-501921,1,20,1,599.99,0
SO-501921,2,23,1,34.99,5
SO-501922,1,20,1,599.99,0
SO-501923,1,10,1,149.99,15
SO-501923,2,23,2,34.99,0
SO-501923,3,17,3,17.99,5
SO-501924,1,14,2,92.99,10
SO-501925,1,13,1,129.99,0
SO-501926,1,14,2,99.99,15
SO-501926,2,6,2,29.99,0
SO-501927,1,23,3,34.99,5
SO-501927,2,9,1,89.99,5
SO-501928,1,23,9,34.99,20
SO-501928,2,9,8,89.99,20
SO-501928,3,10,9,149.99,15
SO-501928,4,21,6,24.99,20
SO-501929,1,16,2,74.99,0
SO-501930,1,21,3,24.99,0
SO-501930,2,8,2,54.99,0
SO-501931,1,7,2,169.99,15
SO-501931,2,10,1,149.99,10
SO-501931,3,22,1,79.99,0
SO-501932,1,24,1,44.99,0
SO-501933,1,20,1,599.99,15
SO-501933,2,22,2,79.99,0
SO-501934,1,10,2,149.99,0
SO-501935,1,16,1,74.99,5
SO-501936,1,4,1,59.99,0
SO-501936,2,10,1,149.99,0
SO-501937,1,22,1,79.99,15
SO-501938,1,22,1,79.99,0
SO-501938,2,1,2,199.99,0
SO-501938,3,24,3,44.99,10
SO-501939,1,24,3,44.99,15
SO-501939,2,22,1,79.99,15
SO-501940,1,7,1,169.99,0
SO-501941,1,20,1,599.99,15
SO-501942,1,19,1,699.99,0
SO-501942,2,5,3,39.99,0
SO-501942,3,9,1,89.99,5
SO-501942,4,6,3,29.99,0
SO-501943,1,15,2,39.99,5
SO-501944,1,9,1,89.99,0
SO-501944,2,14,1,99.99,0
SO-501945,1,3,1,49.99,0
SO-501945,2,23,3,34.99,0
SO-501946,1,22,1,79.99,0
SO-501947,1,3,3,49.99,10
SO-501947,2,5,1,39.99,5
SO-501948,1,18,2,14.99,5
SO-501948,2,17,1,17.99,0
SO-501949,1,4,1,59.99,0
SO-501950,1,22,1,79.99,0
SO-501951,1,23,2,34.99,0
SO-501952,1,1,1,199.99,15
SO-501953,1,1,1,199.99,0
SO-501953,2,6,1,29.99,10
SO-501953,3,19,2,699.99,5
SO-501953,4,13,1,129.99,5
SO-501954,1,24,1,44.99,0
SO-501955,1,11,1,64.99,10
SO-501955,2,3,1,49.99,0
SO-501956,1,21,1,22.99,15
SO-501957,1,5,3,39.99,0
SO-501958,1,12,1,18.99,15
SO-501959,1,2,1,166.99,0
SO-501960,1,23,1,34.99,10
SO-501961,1,1,2,199.99,0
SO-501962,1,1,1,199.99,5
SO-501963,1,15,2,39.99,15
SO-501963,2,3,2,49.99,0
SO-501963,3,22,1,79.99,5
SO-501963,4,4,1,59.99,0
SO-501964,1,1,1,199.99,0
SO-501964,2,21,2,24.99,5
SO-501965,1,20,1,599.99,5
SO-501966,1,20,1,599.99,0
SO-501967,1,13,2,129.99,5
SO-501968,1,2,5,179.99,25
SO-501968,2,13,9,129.99,15
SO-501968,3,11,3,64.99,20
SO-501968,4,24,5,44.99,25
SO-501969,1,21,2,24.99,0
SO-501969,2,6,3,29.99,0
SO-501969,3,20,2,599.99,15
SO-501969,4,8,1,54.99,10
SO-501970,1,3,3,49.99,0
SO-501970,2,2,1,179.99,0
SO-501971,1,15,2,39.99,0
SO-501972,1,3,2,45.99,0
SO-501972,2,12,3,18.99,5
SO-501972,3,1,2,185.99,10
SO-501972,4,15,2,36.99,10
SO-501973,1,7,1,169.99,10
SO-501973,2,21,1,24.99,10
SO-501974,1,9,2,89.99,10
SO-501974,2,2,2,179.99,0
SO-501975,1,24,3,44.99,0
SO-501976,1,15,2,39.99,0
SO-501976,2,12,3,19.99,0
SO-501977,1,6,2,29.99,5
SO-501978,1,2,1,179.99,0
SO-501978,2,19,1,699.99,5
SO-501979,1,12,3,19.99,0
SO-501980,1,23,2,34.99,0
SO-501981,1,19,1,699.99,0
SO-501981,2,1,1,199.99,15
SO-501981,3,6,3,29.99,0
SO-501982,1,4,1,59.99,5
SO-501982,2,17,2,17.99,0
SO-501983,1,23,1,34.99,10
SO-501983,2,7,1,169.99,5
SO-501983,3,8,1,54.99,0
SO-501983,4,9,2,89.99,0
SO-501984,1,4,1,59.99,10
SO-501984,2,6,2,29.99,0
SO-501985,1,1,1,199.99,0
SO-501986,1,19,8,699.99,25
SO-501986,2,14,10,99.99,25
SO-501987,1,20,1,599.99,0
SO-501987,2,1,2,199.99,5
SO-501988,1,23,3,34.99,5
SO-501989,1,4,1,59.99,10
SO-501989,2,11,2,64.99,0
SO-501990,1,3,2,49.99,0
SO-501990,2,9,1,89.99,0
SO-501991,1,17,2,16.99,0
SO-501992,1,19,1,650.99,15
SO-501993,1,24,1,44.99,0
SO-501994,1,17,1,17.99,0
SO-501994,2,12,1,19.99,0
SO-501995,1,7,1,169.99,0
SO-501996,1,12,3,19.99,0
SO-501997,1,23,3,34.99,15
SO-501997,2,6,2,29.99,10
SO-501997,3,11,2,64.99,0
SO-501997,4,19,1,699.99,0
SO-501998,1,2,1,179.99,15
SO-501998,2,20,2,599.99,0
SO-501999,1,21,3,24.99,5
SO-501999,2,7,1,169.99,5
SO-501999,3,17,2,17.99,5
SO-501999,4,5,2,39.99,5
SO-502000,1,13,1,129.99,0
SO-502000,2,7,1,169.99,15
SO-502001,1,22,2,79.99,0
SO-502002,1,4,1,59.99,0
SO-502003,1,2,1,179.99,5
SO-502003,2,21,3,24.99,0
SO-502004,1,12,1,19.99,0
SO-502005,1,12,2,19.99,30
SO-502005,2,21,2,24.99,30
SO-502005,3,23,1,34.99,30
SO-502006,1,11,1,64.99,15
SO-502007,1,3,1,49.99,0
SO-502008,1,4,1,59.99,15
SO-502008,2,11,2,64.99,0
SO-502009,1,24,3,41.99,0
SO-502010,1,8,1,54.99,0
SO-502011,1,24,1,41.99,0
SO-502012,1,24,1,44.99,0
SO-502013,1,8,2,54.99,5
SO-502013,2,13,2,129.99,10
SO-502013,3,17,1,17.99,0
SO-502014,1,9,1,89.99,5
SO-502014,2,17,3,17.99,0
SO-502015,1,12,1,19.99,0
SO-502015,2,20,1,599.99,0
SO-502016,1,7,1,169.99,10
SO-502016,2,1,1,199.99,15
SO-502016,3,23,3,34.99,5
SO-502016,4,4,1,59.99,0
SO-502017,1,18,3,14.99,0
SO-502017,2,2,1,179.99,0
SO-502018,1,7,1,169.99,10
SO-502018,2,21,2,24.99,0
SO-502019,1,21,2,24.99,0
SO-502019,2,18,2,14.99,0
SO-502020,1,21,2,24.99,5
SO-502021,1,24,3,41.99,10
SO-502021,2,3,2,45.99,0
SO-502022,1,23,2,34.99,5
SO-502022,2,2,1,179.99,10
SO-502023,1,2,1,179.99,0
SO-502024,1,21,3,24.99,0
SO-502025,1,23,1,34.99,0
SO-502025,2,2,1,179.99,0
SO-502025,3,22,1,79.99,0
SO-502026,1,22,1,79.99,5
SO-502026,2,1,1,199.99,5
SO-502026,3,3,3,49.99,15
SO-502026,4,21,2,24.99,0
SO-502027,1,3,1,49.99,10
SO-502028,1,9,2,89.99,0
SO-502029,1,21,3,24.99,0
SO-502030,1,9,1,89.99,0
SO-502031,1,21,1,24.99,10
SO-502032,1,19,9,699.99,20
SO-502032,2,4,4,59.99,25
SO-502032,3,7,10,169.99,25
SO-502033,1,4,2,59.99,0
SO-502034,1,18,1,14.99,0
SO-502035,1,14,1,99.99,5
SO-502035,2,18,1,14.99,0
SO-502036,1,1,21,199.99,15
SO-502036,2,13,19,129.99,15
SO-502036,3,15,16,39.99,20
SO-502037,1,21,3,24.99,0
SO-502038,1,11,2,64.99,0
SO-502038,2,15,3,39.99,0
SO-502039,1,3,2,49.99,5
SO-502039,2,19,2,699.99,0
SO-502040,1,23,2,32.99,5
SO-502040,2,11,2,59.99,0
SO-502040,3,8,2,50.99,0
SO-502041,1,6,2,29.99,0
SO-502041,2,1,1,199.99,0
SO-502042,1,10,1,149.99,0
SO-502042,2,18,3,14.99,0
SO-502043,1,12,3,18.99,0
SO-502043,2,9,2,83.99,0
SO-502044,1,18,1,14.99,0
SO-502044,2,24,1,44.99,15
SO-502045,1,8,2,54.99,0
SO-502045,2,7,2,169.99,0
SO-502046,1,2,1,179.99,0
SO-502047,1,2,2,179.99,0
SO-502047,2,14,2,99.99,5
SO-502047,3,13,2,129.99,0
SO-502047,4,16,1,74.99,0
SO-502048,1,13,21,129.99,25
SO-502048,2,16,17,74.99,20
SO-502049,1,21,1,24.99,0
SO-502050,1,13,1,129.99,0
SO-502051,1,13,2,120.99,0
SO-502052,1,8,1,54.99,0
SO-502053,1,18,2,14.99,0
SO-502053,2,19,1,699.99,15
SO-502054,1,9,2,83.99,5
SO-502055,1,5,2,39.99,0
SO-502055,2,14,1,99.99,5
SO-502055,3,9,1,89.99,5
SO-502056,1,12,2,19.99,10
SO-502057,1,12,2,19.99,0
SO-502057,2,9,2,89.99,0
SO-502058,1,23,2,34.99,0
SO-502058,2,8,2,54.99,0
SO-502059,1,2,2,179.99,0
SO-502059,2,11,1,64.99,0
SO-502059,3,16,1,74.99,5
SO-502059,4,5,2,39.99,0
SO-502060,1,17,3,16.99,0
SO-502061,1,14,1,99.99,15
SO-502062,1,4,1,59.99,10
SO-502062,2,11,1,64.99,0
SO-502062,3,9,2,89.99,10
SO-502062,4,24,3,44.99,5
SO-502063,1,2,2,179.99,5
SO-502064,1,16,1,74.99,0
SO-502064,2,7,2,169.99,5
SO-502065,1,20,1,599.99,0
SO-502066,1,8,4,54.99,20
SO-502066,2,21,7,24.99,15
SO-502066,3,16,5,74.99,20
SO-502067,1,3,1,49.99,0
SO-502067,2,8,2,54.99,10
SO-502068,1,3,2,49.99,0
SO-502069,1,13,2,129.99,0
SO-502070,1,24,3,44.99,0
SO-502071,1,1,1,199.99,0
SO-502072,1,14,2,99.99,0
SO-502072,2,22,1,79.99,0
SO-502073,1,10,1,138.99,5
SO-502073,2,8,1,50.99,0
SO-502073,3,4,1,55.99,0
SO-502073,4,7,1,157.99,15
SO-502074,1,14,1,99.99,5
SO-502075,1,6,1,29.99,0
SO-502076,1,14,1,99.99,0
SO-502076,2,18,3,14.99,0
SO-502076,3,5,3,39.99,0
SO-502077,1,24,1,44.99,0
SO-502077,2,6,1,29.99,0
SO-502077,3,16,1,74.99,0
SO-502077,4,14,1,99.99,0
SO-502078,1,16,1,74.99,15
SO-502079,1,9,2,89.99,10
SO-502079,2,20,1,599.99,0
SO-502080,1,15,1,39.99,15
SO-502080,2,20,1,599.99,0
SO-502081,1,8,2,54.99,0
SO-502082,1,14,1,99.99,0
SO-502082,2,19,1,699.99,15
SO-502082,3,11,1,64.99,0
SO-502082,4,10,2,149.99,0
SO-502083,1,18,2,14.99,0
SO-502083,2,21,2,24.99,5
SO-502084,1,1,1,199.99,10
SO-502085,1,11,1,64.99,0
SO-502086,1,1,2,199.99,0
SO-502087,1,23,2,34.99,0
SO-502087,2,6,1,29.99,15
SO-502088,1,15,1,39.99,5
SO-502088,2,4,1,59.99,0
SO-502089,1,4,1,59.99,0
SO-502089,2,17,1,17.99,0
SO-502089,3,9,2,89.99,10
SO-502089,4,16,1,74.99,15
SO-502090,1,7,1,169.99,5
SO-502090,2,13,1,129.99,5
SO-502091,1,2,1,179.99,0
SO-502092,1,4,2,59.99,10
SO-502092,2,11,1,64.99,0
SO-502093,1,9,2,89.99,0
SO-502094,1,15,2,39.99,10
SO-502095,1,18,3,14.99,15
SO-502095,2,9,1,89.99,10
SO-502096,1,7,1,169.99,0
SO-502097,1,15,3,39.99,15
SO-502097,2,14,1,99.99,5
SO-502098,1,15,2,39.99,0
SO-502099,1,7,2,169.99,0
SO-502100,1,8,10,54.99,15
SO-502100,2,16,4,74.99,15
SO-502101,1,21,2,24.99,0
SO-502102,1,18,2,14.99,0
SO-502102,2,8,1,54.99,0
SO-502102,3,15,2,39.99,0
SO-502102,4,4,1,59.99,10
SO-502103,1,6,1,29.99,0
SO-502103,2,11,2,64.99,5
SO-502104,1,20,1,599.99,0
SO-502105,1,20,1,557.99,0
SO-502106,1,2,1,179.99,0
SO-502106,2,1,1,199.99,0
SO-502106,3,17,2,17.99,5
SO-502107,1,1,1,199.99,5
SO-502107,2,14,2,99.99,5
SO-502107,3,19,2,699.99,5
SO-502108,1,12,3,19.99,10
SO-502108,2,20,2,599.99,10
SO-502109,1,11,1,64.99,0
SO-502110,1,9,1,89.99,15
SO-502110,2,10,1,149.99,0
SO-502111,1,12,2,19.99,30
SO-502112,1,9,1,89.99,15
SO-502113,1,7,1,169.99,0
SO-502113,2,10,2,149.99,0
SO-502114,1,24,2,44.99,5
SO-502115,1,16,1,69.99,0
SO-502115,2,9,2,83.99,0
SO-502116,1,10,1,138.99,0
SO-502117,1,8,1,54.99,0
SO-502118,1,14,1,99.99,0
SO-502118,2,12,3,19.99,0
SO-502118,3,19,1,699.99,15
SO-502119,1,24,1,44.99,0
SO-502119,2,9,1,89.99,5
SO-502120,1,10,1,149.99,0
SO-502120,2,7,1,169.99,0
SO-502121,1,6,1,29.99,0
SO-502121,2,9,1,89.99,10
SO-502121,3,15,2,39.99,0
SO-502121,4,1,1,199.99,0
SO-502122,1,15,2,39.99,15
SO-502123,1,6,2,29.99,0
SO-502124,1,12,3,19.99,10
SO-502125,1,13,1,129.99,0
SO-502125,2,14,1,99.99,15
SO-502125,3,2,1,179.99,0
SO-502125,4,5,3,39.99,0
SO-502126,1,24,1,44.99,0
SO-502127,1,12,3,19.99,0
SO-502127,2,11,1,64.99,0
SO-502128,1,8,1,54.99,0
SO-502129,1,7,2,169.99,0
SO-502129,2,14,1,99.99,0
SO-502130,1,24,2,41.99,30
SO-502130,2,21,2,22.99,30
SO-502131,1,10,1,149.99,0
SO-502131,2,7,1,169.99,15
SO-502132,1,7,2,169.99,0
SO-502132,2,16,2,74.99,0
SO-502133,1,13,18,129.99,20
SO-502133,2,21,9,24.99,25
SO-502134,1,18,1,14.99,0
SO-502135,1,9,1,89.99,5
SO-502136,1,11,3,59.99,15
SO-502136,2,1,7,185.99,20
SO-502136,3,19,4,650.99,20
SO-502137,1,13,1,129.99,0
SO-502137,2,15,3,39.99,0
SO-502138,1,15,2,39.99,0
SO-502139,1,15,2,39.99,10
SO-502140,1,14,2,99.99,5
SO-502140,2,15,3,39.99,0
SO-502141,1,8,2,54.99,0
SO-502141,2,15,2,39.99,0
SO-502142,1,2,1,179.99,10
SO-502143,1,8,2,54.99,0
SO-502144,1,7,1,169.99,5
SO-502144,2,16,2,74.99,10
SO-502145,1,17,3,17.99,10
SO-502145,2,23,2,34.99,10
SO-502145,3,20,1,599.99,0
SO-502146,1,8,1,54.99,10
SO-502147,1,16,2,74.99,10
SO-502147,2,10,1,149.99,0
SO-502147,3,17,1,17.99,0
SO-502148,1,9,9,89.99,15
SO-502148,2,8,7,54.99,15
SO-502148,3,12,6,19.99,15
SO-502148,4,20,10,599.99,15
SO-502149,1,11,2,64.99,10
SO-502149,2,7,2,169.99,0
SO-502149,3,4,2,59.99,15
SO-502150,1,1,2,199.99,5
SO-502151,1,22,1,79.99,0
SO-502152,1,22,1,79.99,0
SO-502153,1,17,2,17.99,0
SO-502154,1,6,1,29.99,10
SO-502154,2,19,1,699.99,15
SO-502154,3,5,2,39.99,0
SO-502155,1,4,2,59.99,15
SO-502155,2,7,2,169.99,0
SO-502155,3,19,1,699.99,0
SO-502155,4,14,1,99.99,10
SO-502156,1,8,1,54.99,5
SO-502156,2,14,2,99.99,0
SO-502156,3,15,2,39.99,0
SO-502157,1,1,1,199.99,30
SO-502158,1,7,2,169.99,10
SO-502158,2,3,1,49.99,0
SO-502158,3,20,1,599.99,0
SO-502159,1,13,1,129.99,5
SO-502160,1,5,2,39.99,5
SO-502160,2,22,1,79.99,10
SO-502160,3,24,2,44.99,0
SO-502160,4,4,1,59.99,5
SO-502161,1,8,1,54.99,0
SO-502161,2,10,1,149.99,0
SO-502161,3,19,2,699.99,5
SO-502161,4,22,1,79.99,5
SO-502162,1,15,2,39.99,0
SO-502162,2,20,1,599.99,0
SO-502162,3,22,1,79.99,0
SO-502163,1,12,2,19.99,10
SO-502163,2,9,1,89.99,15
SO-502164,1,6,2,29.99,15
SO-502165,1,13,1,129.99,0
SO-502165,2,11,1,64.99,0
SO-502166,1,9,1,89.99,5
SO-502167,1,17,1,17.99,0
SO-502167,2,3,3,49.99,10
SO-502168,1,17,1,17.99,0
SO-502168,2,12,1,19.99,0
SO-502169,1,2,1,179.99,0
SO-502169,2,1,2,199.99,0
SO-502169,3,4,1,59.99,10
SO-502170,1,11,1,64.99,10
SO-502170,2,12,2,19.99,10
SO-502171,1,19,2,699.99,0
SO-502172,1,12,1,19.99,0
SO-502173,1,6,2,29.99,0
SO-502173,2,23,1,34.99,0
SO-502174,1,10,2,149.99,10
SO-502174,2,13,2,129.99,0
SO-502175,1,5,3,36.99,10
SO-502175,2,24,1,41.99,15
SO-502176,1,22,2,79.99,15
SO-502177,1,18,1,14.99,0
SO-502178,1,17,3,17.99,5
SO-502179,1,8,1,54.99,0
SO-502180,1,19,1,699.99,0
SO-502180,2,18,3,14.99,0
SO-502180,3,11,2,64.99,15
SO-502181,1,21,1,24.99,0
SO-502181,2,14,2,99.99,0
SO-502181,3,17,1,17.99,15
SO-502181,4,1,1,199.99,0
SO-502182,1,5,1,39.99,0
SO-502182,2,11,1,64.99,0
SO-502182,3,21,2,24.99,0
SO-502183,1,10,2,149.99,0
SO-502183,2,12,2,19.99,10
SO-502184,1,10,2,149.99,10
SO-502185,1,1,5,185.99,20
SO-502185,2,21,6,22.99,20
SO-502185,3,12,6,18.99,20
SO-502185,4,13,5,120.99,20
SO-502186,1,8,2,54.99,0
SO-502186,2,17,3,17.99,0
SO-502187,1,3,2,49.99,10
SO-502188,1,9,1,83.99,0
SO-502188,2,6,1,27.99,10
SO-502189,1,20,1,599.99,15
SO-502189,2,14,1,99.99,0
SO-502190,1,6,3,29.99,10
SO-502191,1,8,1,54.99,5
SO-502192,1,12,2,19.99,0
SO-502193,1,17,2,17.99,0
SO-502194,1,11,1,64.99,0
SO-502195,1,5,3,36.99,15
SO-502195,2,13,1,120.99,10
SO-502196,1,18,3,14.99,0
SO-502197,1,11,2,64.99,5
SO-502198,1,2,2,179.99,0
SO-502199,1,10,1,149.99,0
SO-502200,1,24,3,44.99,0
SO-502201,1,1,2,199.99,0
SO-502201,2,15,1,39.99,0
SO-502202,1,17,1,16.99,0
SO-502203,1,18,3,14.99,5
SO-502203,2,20,2,599.99,0
SO-502203,3,5,3,39.99,10
SO-502203,4,1,2,199.99,10
SO-502204,1,18,10,14.99,20
SO-502204,2,14,5,99.99,15
SO-502205,1,2,1,179.99,0
SO-502206,1,24,1,44.99,10
SO-502207,1,17,3,17.99,10
SO-502207,2,15,3,39.99,0
SO-502208,1,19,1,699.99,10
SO-502208,2,15,3,39.99,15
SO-502209,1,6,2,29.99,0
SO-502210,1,1,1,199.99,0
SO-502211,1,7,1,169.99,30
SO-502211,2,11,2,64.99,30
SO-502211,3,13,2,129.99,30
SO-502212,1,17,2,17.99,0
SO-502212,2,23,1,34.99,5
SO-502212,3,20,1,599.99,0
SO-502212,4,12,3,19.99,5
SO-502213,1,13,1,129.99,0
SO-502213,2,20,2,599.99,0
SO-502214,1,13,1,129.99,0
SO-502214,2,7,2,169.99,0
SO-502215,1,14,5,99.99,15
SO-502215,2,12,7,19.99,20
SO-502216,1,10,2,149.99,30
SO-502217,1,13,1,129.99,0
SO-502217,2,18,1,14.99,0
SO-502217,3,19,2,699.99,0
SO-502218,1,14,1,99.99,5
SO-502219,1,23,5,32.99,15
SO-502219,2,8,3,50.99,15
SO-502220,1,5,1,39.99,0
SO-502220,2,18,1,14.99,10
SO-502221,1,18,2,14.99,0
SO-502221,2,6,1,29.99,0
SO-502222,1,1,2,199.99,0
SO-502222,2,11,1,64.99,0
SO-502223,1,23,1,34.99,0
SO-502223,2,10,1,149.99,5
SO-502224,1,4,2,55.99,0
SO-502224,2,22,2,73.99,10
SO-502225,1,8,2,54.99,0
SO-502225,2,18,1,14.99,10
SO-502226,1,17,2,17.99,0
SO-502227,1,20,1,599.99,0
SO-502228,1,4,2,59.99,0
SO-502229,1,6,3,29.99,0
SO-502229,2,7,1,169.99,0
SO-502230,1,18,1,14.99,0
SO-502231,1,12,1,19.99,0
SO-502232,1,19,1,699.99,10
SO-502232,2,2,1,179.99,10
SO-502232,3,7,2,169.99,0
SO-502232,4,13,1,129.99,0
SO-502233,1,19,5,699.99,15
SO-502233,2,21,3,24.99,15
SO-502233,3,2,9,179.99,20
SO-502234,1,18,1,14.99,0
SO-502234,2,17,2,17.99,5
SO-502235,1,24,3,44.99,15
SO-502236,1,6,3,29.99,10
SO-502236,2,9,2,89.99,0
SO-502237,1,17,2,17.99,0
SO-502237,2,18,2,14.99,0
SO-502238,1,6,1,29.99,0
SO-502238,2,10,2,149.99,0
SO-502239,1,16,1,74.99,0
SO-502239,2,3,1,49.99,0
SO-502240,1,15,2,39.99,0
SO-502240,2,18,2,14.99,0
SO-502240,3,12,2,19.99,10
SO-502240,4,10,1,149.99,0
SO-502241,1,13,2,129.99,0
SO-502241,2,8,1,54.99,0
SO-502242,1,19,1,699.99,0
SO-502242,2,21,1,24.99,0
SO-502243,1,5,2,39.99,0
SO-502243,2,18,1,14.99,5
SO-502244,1,21,1,24.99,0
SO-502244,2,2,1,179.99,0
SO-502245,1,6,7,29.99,15
SO-502245,2,7,3,169.99,20
SO-502245,3,3,10,49.99,15
SO-502246,1,2,2,179.99,15
SO-502247,1,10,2,149.99,10
SO-502247,2,1,1,199.99,0
SO-502248,1,12,1,18.99,0
SO-502248,2,15,3,36.99,0
SO-502249,1,13,1,129.99,5
SO-502250,1,10,1,149.99,0
SO-502250,2,13,1,129.99,0
SO-502250,3,20,1,599.99,0
SO-502251,1,7,1,169.99,5
SO-502251,2,16,1,74.99,0
SO-502252,1,6,1,29.99,10
SO-502253,1,10,1,138.99,0
SO-502253,2,9,1,83.99,10
SO-502254,1,19,1,699.99,0
SO-502254,2,14,1,99.99,0
SO-502254,3,21,3,24.99,0
SO-502254,4,13,1,129.99,0
SO-502255,1,23,3,34.99,0
SO-502255,2,18,2,14.99,5
SO-502256,1,10,1,149.99,0
SO-502256,2,4,1,59.99,10
SO-502256,3,5,3,39.99,10
SO-502257,1,1,1,185.99,0
SO-502257,2,8,1,50.99,10
SO-502257,3,18,1,13.99,5
SO-502258,1,11,1,64.99,0
SO-502258,2,3,2,49.99,0
SO-502259,1,11,1,64.99,5
SO-502260,1,22,2,79.99,0
SO-502261,1,10,1,138.99,10
SO-502261,2,18,1,13.99,10
SO-502261,3,12,1,18.99,10
SO-502261,4,21,3,22.99,0
SO-502262,1,1,9,199.99,15
SO-502262,2,2,3,179.99,25
SO-502262,3,20,8,599.99,20
SO-502262,4,19,6,699.99,20
SO-502263,1,12,3,19.99,15
SO-502264,1,16,1,74.99,0
SO-502264,2,22,1,79.99,0
SO-502265,1,19,2,699.99,10
SO-502266,1,14,1,99.99,0
SO-502266,2,10,1,149.99,10
SO-502266,3,5,3,39.99,0
SO-502267,1,19,1,699.99,5
SO-502267,2,20,2,599.99,15
SO-502267,3,2,1,179.99,5
SO-502268,1,4,1,59.99,0
SO-502268,2,8,1,54.99,0
SO-502268,3,18,3,14.99,0
SO-502268,4,22,1,79.99,0
SO-502269,1,1,1,199.99,0
SO-502269,2,6,3,29.99,0
SO-502270,1,13,1,129.99,10
SO-502271,1,9,1,89.99,5
SO-502272,1,4,1,59.99,5
SO-502273,1,18,3,14.99,0
SO-502274,1,19,1,699.99,10
SO-502274,2,6,3,29.99,0
SO-502274,3,3,2,49.99,5
SO-502274,4,14,1,99.99,10
SO-502275,1,8,2,54.99,0
SO-502276,1,16,1,74.99,0
SO-502276,2,22,1,79.99,0
SO-502277,1,13,2,129.99,5
SO-502277,2,15,3,39.99,0
SO-502278,1,3,1,49.99,5
SO-502279,1,12,2,18.99,0
SO-502279,2,21,1,22.99,0
SO-502280,1,19,1,699.99,10
SO-502280,2,18,3,14.99,0
SO-502280,3,7,1,169.99,15
SO-502280,4,17,2,17.99,0
SO-502281,1,4,1,59.99,0
SO-502281,2,12,3,19.99,15
SO-502281,3,9,1,89.99,0
SO-502282,1,7,2,169.99,0
SO-502282,2,11,1,64.99,5
SO-502283,1,21,1,22.99,0
SO-502284,1,4,1,59.99,0
SO-502285,1,9,1,83.99,5
SO-502285,2,8,1,50.99,0
SO-502285,3,4,2,55.99,0
SO-502285,4,2,2,166.99,0
SO-502286,1,23,2,34.99,0
SO-502286,2,17,1,17.99,5
SO-502286,3,13,1,129.99,15
SO-502287,1,20,1,557.99,0
SO-502287,2,18,1,13.99,10
SO-502287,3,8,1,50.99,0
SO-502287,4,2,2,166.99,0
SO-502288,1,4,1,59.99,15
SO-502288,2,15,1,39.99,10
SO-502289,1,20,2,599.99,0
SO-502289,2,10,1,149.99,0
SO-502289,3,8,1,54.99,0
SO-502289,4,22,1,79.99,0
SO-502290,1,18,1,14.99,15
SO-502290,2,8,2,54.99,15
SO-502290,3,17,2,17.99,0
SO-502291,1,7,1,169.99,0
SO-502291,2,17,2,17.99,0
SO-502291,3,14,2,99.99,0
SO-502291,4,19,2,699.99,0
SO-502292,1,15,1,36.99,15
SO-502292,2,3,3,45.99,0
SO-502293,1,5,3,39.99,0
SO-502293,2,10,2,149.99,5
SO-502293,3,16,2,74.99,0
SO-502294,1,16,1,74.99,0
SO-502294,2,18,1,14.99,0
SO-502294,3,20,1,599.99,5
SO-502295,1,4,2,59.99,0
SO-502296,1,16,1,74.99,10
SO-502296,2,22,1,79.99,5
SO-502297,1,14,2,99.99,0
SO-502297,2,22,2,79.99,0
SO-502297,3,6,1,29.99,0
SO-502298,1,22,1,79.99,0
SO-502298,2,20,2,599.99,0
SO-502299,1,5,3,39.99,0
SO-502299,2,6,2,29.99,15
SO-502300,1,11,1,64.99,0
SO-502300,2,13,1,129.99,0
SO-502301,1,21,2,24.99,0
SO-502301,2,20,2,599.99,0
SO-502301,3,19,2,699.99,5
SO-502301,4,5,1,39.99,0
SO-502302,1,4,1,59.99,0
SO-502303,1,21,1,24.99,0
SO-502303,2,3,2,49.99,0
SO-502304,1,16,2,74.99,0
SO-502305,1,11,1,64.99,10
SO-502305,2,6,1,29.99,0
SO-502305,3,8,1,54.99,0
SO-502306,1,17,1,17.99,15
SO-502306,2,11,2,64.99,0
SO-502307,1,15,3,39.99,5
SO-502308,1,17,3,17.99,5
SO-502308,2,11,1,64.99,0
SO-502309,1,17,3,17.99,5
SO-502310,1,3,3,49.99,0
SO-502310,2,7,1,169.99,15
SO-502311,1,20,1,599.99,0
SO-502311,2,10,1,149.99,15
SO-502311,3,1,1,199.99,0
SO-502311,4,13,2,129.99,0
SO-502312,1,14,1,99.99,0
SO-502313,1,16,2,74.99,15
SO-502314,1,10,1,149.99,0
SO-502315,1,5,3,39.99,15
SO-502316,1,13,1,129.99,0
SO-502316,2,1,1,199.99,0
SO-502317,1,1,1,199.99,0
SO-502318,1,17,1,17.99,10
SO-502318,2,11,1,64.99,0
SO-502319,1,22,1,79.99,0
SO-502320,1,8,2,54.99,0
SO-502320,2,18,3,14.99,0
SO-502321,1,11,1,64.99,0
SO-502321,2,17,2,17.99,10
SO-502322,1,6,1,29.99,0
SO-502322,2,21,1,24.99,10
SO-502322,3,19,2,699.99,0
SO-502322,4,23,1,34.99,10
SO-502323,1,3,8,49.99,15
SO-502323,2,13,7,129.99,20
SO-502323,3,6,3,29.99,15
SO-502323,4,16,5,74.99,20
SO-502324,1,20,13,599.99,20
SO-502324,2,3,16,49.99,15
SO-502324,3,2,18,179.99,25
SO-502325,1,2,1,179.99,0
SO-502325,2,8,1,54.99,0
SO-502326,1,12,2,19.99,5
SO-502327,1,11,1,64.99,0
SO-502328,1,9,1,89.99,15
SO-502329,1,6,3,29.99,10
SO-502329,2,11,1,64.99,10
SO-502330,1,12,3,19.99,0
SO-502331,1,4,1,59.99,5
SO-502332,1,13,1,129.99,0
SO-502332,2,14,2,99.99,10
SO-502333,1,11,1,64.99,0
SO-502333,2,15,2,39.99,10
SO-502334,1,20,2,599.99,0
SO-502335,1,1,17,199.99,15
SO-502335,2,10,21,149.99,25
SO-502335,3,9,8,89.99,15
SO-502335,4,24,17,44.99,20
SO-502336,1,23,2,34.99,0
SO-502336,2,7,1,169.99,0
SO-502337,1,13,1,120.99,5
SO-502337,2,14,1,92.99,0
SO-502337,3,7,2,157.99,0
SO-502337,4,3,1,45.99,0
SO-502338,1,21,3,24.99,0
SO-502339,1,18,1,13.99,0
SO-502340,1,18,2,14.99,0
SO-502340,2,10,2,149.99,0
SO-502341,1,1,1,199.99,0
SO-502341,2,24,1,44.99,5
SO-502342,1,12,2,19.99,15
SO-502343,1,18,2,13.99,0
SO-502343,2,4,2,55.99,0
SO-502344,1,18,3,14.99,0
SO-502344,2,6,1,29.99,0
SO-502345,1,16,1,74.99,0
SO-502345,2,12,3,19.99,5
SO-502345,3,6,1,29.99,5
SO-502346,1,7,1,169.99,0
SO-502346,2,21,1,24.99,0
SO-502346,3,12,1,19.99,0
SO-502347,1,18,1,14.99,0
SO-502347,2,5,2,39.99,0
SO-502348,1,18,3,14.99,0
SO-502349,1,24,2,44.99,0
SO-502350,1,11,1,64.99,5
SO-502351,1,4,2,59.99,0
SO-502351,2,15,1,39.99,0
SO-502352,1,9,1,89.99,5
SO-502353,1,7,1,169.99,0
SO-502354,1,14,2,99.99,0
SO-502354,2,8,1,54.99,0
SO-502354,3,17,3,17.99,0
SO-502355,1,12,3,18.99,15
SO-502355,2,9,1,83.99,0
SO-502355,3,15,1,36.99,15
SO-502355,4,4,2,55.99,10
SO-502356,1,14,1,99.99,5
SO-502356,2,20,1,599.99,0
SO-502356,3,17,2,17.99,0
SO-502356,4,16,2,74.99,10
SO-502357,1,13,2,129.99,10
SO-502358,1,1,1,199.99,10
SO-502358,2,20,1,599.99,0
SO-502359,1,6,3,29.99,0
SO-502360,1,5,2,39.99,0
SO-502361,1,8,1,54.99,30
SO-502361,2,1,1,199.99,30
SO-502362,1,18,3,14.99,25
SO-502362,2,14,3,99.99,15
SO-502362,3,15,9,39.99,15
SO-502362,4,20,6,599.99,15
SO-502363,1,8,1,54.99,0
SO-502364,1,4,1,59.99,10
SO-502365,1,6,1,29.99,0
SO-502366,1,3,3,49.99,0
SO-502366,2,14,1,99.99,0
SO-502367,1,18,1,14.99,0
SO-502367,2,16,1,74.99,0
SO-502368,1,18,3,14.99,0
SO-502368,2,8,1,54.99,0
SO-502368,3,9,2,89.99,15
SO-502368,4,17,2,17.99,0
SO-502369,1,22,1,73.99,15
SO-502369,2,18,2,13.99,0
SO-502369,3,10,1,138.99,0
SO-502370,1,17,3,17.99,0
SO-502371,1,6,1,29.99,0
SO-502372,1,2,1,179.99,10
SO-502372,2,3,3,49.99,0
SO-502373,1,4,1,55.99,0
SO-502373,2,8,1,50.99,0
SO-502374,1,22,1,79.99,0
SO-502375,1,19,1,699.99,10
SO-502376,1,24,3,44.99,0
SO-502376,2,16,2,74.99,0
SO-502377,1,17,1,17.99,0
SO-502377,2,2,1,179.99,0
SO-502378,1,18,1,14.99,0
SO-502378,2,22,2,79.99,0
SO-502378,3,6,1,29.99,0
SO-502379,1,8,1,54.99,10
SO-502379,2,6,2,29.99,0
SO-502380,1,16,2,74.99,10
SO-502380,2,9,1,89.99,0
SO-502381,1,12,2,19.99,5
SO-502382,1,2,1,179.99,5
SO-502383,1,2,2,179.99,0
SO-502383,2,6,2,29.99,10
SO-502383,3,17,2,17.99,0
SO-502384,1,14,1,92.99,10
SO-502385,1,6,3,29.99,0
SO-502386,1,21,1,22.99,15
SO-502386,2,16,2,69.99,5
SO-502387,1,3,1,49.99,0
SO-502387,2,13,1,129.99,0
SO-502388,1,8,1,54.99,0
SO-502389,1,17,1,17.99,0
SO-502390,1,13,1,120.99,0
SO-502391,1,5,3,39.99,0
SO-502391,2,23,2,34.99,15
SO-502391,3,2,1,179.99,0
SO-502391,4,8,2,54.99,15
SO-502392,1,7,1,169.99,0
SO-502393,1,7,2,169.99,5
SO-502393,2,10,1,149.99,0
SO-502394,1,4,1,59.99,0
SO-502395,1,16,5,74.99,15
SO-502395,2,14,7,99.99,15
SO-502396,1,24,2,44.99,0
SO-502397,1,23,3,34.99,15
SO-502397,2,7,2,169.99,0
SO-502398,1,15,1,39.99,15
SO-502399,1,15,2,39.99,5
SO-502400,1,13,9,129.99,15
SO-502400,2,15,7,39.99,15
SO-502400,3,6,3,29.99,20
SO-502400,4,21,10,24.99,15
SO-502401,1,16,2,74.99,30
SO-502402,1,18,1,14.99,0
SO-502402,2,16,1,74.99,10
SO-502402,3,9,1,89.99,5
SO-502403,1,9,1,89.99,30
SO-502404,1,19,1,699.99,5
SO-502405,1,13,2,129.99,0
SO-502406,1,9,1,83.99,10
SO-502406,2,18,1,13.99,0
SO-502407,1,15,2,39.99,0
SO-502407,2,13,2,129.99,5
SO-502408,1,18,3,14.99,0
SO-502408,2,15,3,39.99,15
SO-502409,1,14,1,92.99,5
SO-502409,2,16,2,69.99,0
SO-502410,1,7,1,169.99,10
SO-502410,2,16,2,74.99,15
SO-502411,1,3,2,49.99,15
SO-502411,2,18,2,14.99,0
SO-502412,1,9,1,89.99,0
SO-502413,1,7,1,169.99,10
SO-502414,1,18,3,13.99,5
SO-502414,2,15,1,36.99,10
SO-502415,1,5,2,39.99,5
SO-502416,1,5,2,39.99,0
SO-502416,2,9,1,89.99,0
SO-502417,1,6,1,27.99,0
SO-502417,2,2,1,166.99,0
SO-502418,1,18,2,14.99,0
SO-502418,2,1,1,199.99,0
SO-502419,1,8,1,54.99,0
SO-502419,2,23,1,34.99,0
SO-502420,1,17,1,17.99,0
SO-502421,1,4,1,59.99,0
SO-502422,1,13,1,129.99,5
SO-502422,2,4,1,59.99,0
SO-502423,1,18,2,14.99,0
SO-502424,1,3,6,49.99,20
SO-502424,2,1,9,199.99,15
SO-502424,3,18,10,14.99,25
SO-502424,4,11,5,64.99,20
SO-502425,1,22,1,79.99,10
SO-502426,1,8,1,54.99,10
SO-502426,2,4,2,59.99,0
SO-502427,1,17,1,17.99,0
SO-502427,2,11,1,64.99,0
SO-502427,3,10,2,149.99,10
SO-502428,1,12,7,19.99,20
SO-502428,2,16,10,74.99,15
SO-502428,3,22,5,79.99,20
SO-502429,1,10,2,149.99,5
SO-502429,2,7,1,169.99,0
SO-502430,1,4,2,55.99,10
SO-502431,1,18,1,14.99,0
SO-502432,1,11,1,64.99,5
SO-502432,2,12,1,19.99,0
SO-502433,1,7,1,169.99,0
SO-502433,2,15,2,39.99,0
SO-502434,1,14,2,99.99,5
SO-502435,1,2,1,179.99,10
SO-502435,2,11,1,64.99,5
SO-502435,3,13,2,129.99,0
SO-502436,1,8,1,54.99,5
SO-502436,2,1,1,199.99,0
SO-502437,1,1,1,199.99,5
SO-502437,2,12,3,19.99,0
SO-502437,3,14,1,99.99,0
SO-502437,4,22,2,79.99,15
SO-502438,1,11,2,64.99,0
SO-502438,2,7,1,169.99,10
SO-502439,1,23,3,34.99,10
SO-502440,1,14,1,99.99,0
SO-502440,2,2,1,179.99,0
SO-502441,1,3,1,49.99,0
SO-502441,2,13,1,129.99,10
SO-502442,1,16,1,74.99,10
SO-502443,1,6,2,29.99,0
SO-502443,2,22,1,79.99,0
SO-502444,1,9,2,89.99,10
SO-502444,2,22,1,79.99,5
SO-502445,1,24,21,44.99,25
SO-502445,2,2,18,179.99,15
SO-502445,3,11,13,64.99,15
SO-502446,1,12,3,19.99,0
SO-502446,2,18,3,14.99,0
SO-502446,3,14,1,99.99,0
SO-502446,4,10,1,149.99,0
SO-502447,1,4,1,59.99,5
SO-502447,2,11,1,64.99,0
SO-502447,3,1,1,199.99,0
SO-502448,1,2,1,179.99,0
SO-502448,2,7,1,169.99,15
SO-502448,3,8,1,54.99,0
SO-502448,4,21,2,24.99,10
SO-502449,1,18,2,14.99,0
SO-502450,1,18,1,14.99,0
SO-502450,2,5,3,39.99,0
SO-502451,1,5,2,39.99,5
SO-502452,1,3,3,49.99,5
SO-502453,1,7,1,157.99,5
SO-502453,2,11,2,59.99,10
SO-502454,1,17,3,17.99,5
SO-502455,1,7,1,169.99,10
SO-502455,2,12,3,19.99,10
SO-502455,3,17,1,17.99,0
SO-502456,1,14,1,99.99,0
SO-502456,2,22,1,79.99,0
SO-502456,3,13,2,129.99,15
SO-502457,1,1,1,199.99,0
SO-502458,1,11,1,59.99,0
SO-502458,2,12,2,18.99,0
SO-502459,1,4,1,59.99,5
SO-502459,2,13,1,129.99,10
SO-502460,1,9,2,83.99,10
SO-502460,2,14,2,92.99,0
SO-502461,1,16,1,74.99,10
SO-502461,2,15,3,39.99,0
SO-502462,1,11,2,64.99,15
SO-502462,2,15,1,39.99,0
SO-502463,1,17,1,17.99,5
SO-502464,1,20,1,599.99,0
SO-502464,2,18,2,14.99,5
SO-502465,1,19,1,650.99,15
SO-502465,2,9,1,83.99,15
SO-502466,1,3,3,49.99,15
SO-502466,2,21,1,24.99,0
SO-502466,3,10,1,149.99,15
SO-502467,1,11,2,64.99,0
SO-502468,1,20,1,599.99,10
SO-502468,2,3,1,49.99,10
SO-502468,3,4,1,59.99,0
SO-502469,1,7,1,169.99,10
SO-502469,2,6,1,29.99,0
SO-502470,1,15,1,39.99,15
SO-502470,2,22,1,79.99,0
SO-502471,1,11,1,64.99,0
SO-502472,1,5,1,39.99,0
SO-502472,2,16,1,74.99,0
SO-502473,1,9,2,89.99,5
SO-502473,2,14,1,99.99,0
SO-502474,1,13,3,129.99,20
SO-502474,2,14,4,99.99,15
SO-502474,3,6,8,29.99,15
SO-502475,1,11,1,64.99,5
SO-502476,1,2,2,179.99,0
SO-502476,2,24,2,44.99,0
SO-502476,3,4,2,59.99,0
SO-502477,1,12,2,19.99,0
SO-502478,1,1,1,199.99,0
SO-502478,2,13,1,129.99,5
SO-502479,1,15,2,39.99,10
SO-502479,2,6,1,29.99,0
SO-502480,1,7,2,169.99,5
SO-502481,1,15,1,39.99,0
SO-502481,2,4,2,59.99,5
SO-502482,1,14,1,99.99,0
SO-502483,1,17,3,16.99,10
SO-502483,2,16,2,69.99,5
SO-502484,1,12,3,19.99,15
SO-502485,1,3,1,49.99,0
SO-502485,2,2,1,179.99,0
SO-502486,1,15,1,39.99,0
SO-502487,1,2,1,179.99,10
SO-502487,2,24,3,44.99,10
SO-502487,3,8,1,54.99,0
SO-502488,1,3,2,49.99,0
SO-502488,2,22,1,79.99,5
SO-502488,3,5,3,39.99,5
SO-502489,1,22,1,79.99,0
SO-502489,2,1,1,199.99,5
SO-502490,1,6,1,29.99,0
SO-502491,1,10,1,138.99,0
SO-502492,1,15,2,39.99,0
SO-502492,2,7,1,169.99,0
SO-502493,1,5,1,39.99,0
SO-502493,2,14,2,99.99,0
SO-502494,1,4,1,59.99,5
SO-502495,1,24,2,44.99,0
SO-502495,2,21,1,24.99,0
SO-502495,3,15,3,39.99,15
SO-502495,4,13,1,129.99,0
SO-502496,1,13,19,129.99,25
SO-502496,2,9,9,89.99,20
SO-502496,3,10,10,149.99,25
SO-502496,4,7,12,169.99,25
SO-502497,1,20,1,599.99,0
SO-502498,1,19,1,699.99,0
SO-502498,2,16,2,74.99,0
SO-502499,1,9,1,89.99,10
SO-502500,1,11,1,64.99,10
SO-502500,2,16,1,74.99,0
SO-502501,1,20,1,557.99,0
SO-502501,2,6,3,27.99,0
SO-502501,3,9,1,83.99,10
SO-502501,4,12,3,18.99,0
SO-502502,1,12,2,19.99,0
SO-502503,1,13,1,129.99,0
SO-502503,2,20,1,599.99,0
SO-502503,3,2,2,179.99,0
SO-502504,1,1,1,199.99,0
SO-502504,2,19,1,699.99,5
SO-502505,1,19,1,699.99,0
SO-502505,2,11,1,64.99,5
SO-502505,3,10,2,149.99,0
SO-502505,4,9,1,89.99,0
SO-502506,1,11,2,64.99,0
SO-502506,2,20,1,599.99,0
SO-502507,1,17,3,17.99,0
SO-502508,1,11,1,64.99,10
SO-502508,2,14,1,99.99,10
SO-502509,1,13,1,129.99,0
SO-502509,2,4,1,59.99,5
SO-502510,1,9,1,89.99,0
SO-502511,1,23,3,34.99,10
SO-502512,1,22,1,79.99,15
SO-502513,1,23,2,34.99,0
SO-502513,2,12,2,19.99,10
SO-502514,1,19,2,699.99,0
SO-502514,2,7,1,169.99,0
SO-502514,3,11,1,64.99,5
SO-502514,4,10,1,149.99,10
SO-502515,1,2,1,179.99,15
SO-502516,1,15,1,39.99,0
SO-502516,2,1,1,199.99,15
SO-502517,1,5,3,39.99,10
SO-502517,2,24,2,44.99,0
SO-502517,3,18,3,14.99,10
SO-502518,1,3,3,45.99,5
SO-502518,2,5,2,36.99,0
SO-502519,1,16,1,74.99,0
SO-502519,2,6,3,29.99,0
SO-502520,1,3,3,45.99,15
SO-502520,2,24,6,41.99,15
SO-502521,1,12,2,19.99,0
SO-502521,2,24,2,44.99,15
SO-502522,1,5,1,39.99,0
SO-502523,1,16,20,74.99,15
SO-502523,2,2,16,179.99,15
SO-502523,3,10,16,149.99,15
SO-502523,4,15,9,39.99,15
SO-502524,1,9,2,83.99,0
SO-502524,2,18,1,13.99,15
SO-502525,1,17,1,17.99,10
SO-502526,1,11,1,64.99,5
SO-502526,2,7,1,169.99,0
SO-502527,1,10,1,149.99,0
SO-502527,2,12,2,19.99,0
SO-502528,1,18,1,14.99,30
SO-502528,2,17,2,17.99,30
SO-502528,3,14,1,99.99,30
SO-502528,4,16,2,74.99,30
SO-502529,1,14,1,99.99,0
SO-502530,1,8,1,50.99,0
SO-502531,1,14,1,92.99,0
SO-502531,2,19,1,650.99,15
SO-502532,1,17,2,17.99,15
SO-502532,2,5,3,39.99,0
SO-502532,3,12,1,19.99,0
SO-502533,1,11,9,64.99,20
SO-502533,2,5,8,39.99,20
SO-502533,3,12,7,19.99,15
SO-502534,1,4,2,55.99,0
SO-502535,1,10,2,149.99,5
SO-502535,2,9,2,89.99,0
SO-502535,3,20,2,599.99,0
SO-502535,4,15,3,39.99,0
SO-502536,1,5,1,39.99,0
SO-502536,2,20,1,599.99,0
SO-502537,1,15,3,39.99,5
SO-502538,1,10,1,149.99,0
SO-502538,2,13,2,129.99,0
SO-502539,1,12,2,18.99,0
SO-502539,2,22,1,73.99,15
SO-502540,1,12,2,19.99,0
SO-502540,2,16,1,74.99,0
SO-502540,3,18,2,14.99,0
SO-502540,4,13,2,129.99,0
SO-502541,1,24,2,44.99,0
SO-502542,1,17,1,17.99,15
SO-502543,1,7,2,169.99,10
SO-502543,2,22,1,79.99,10
SO-502544,1,17,2,17.99,0
SO-502544,2,5,3,39.99,15
SO-502544,3,13,1,129.99,0
SO-502545,1,21,1,24.99,10
SO-502545,2,10,1,149.99,0
SO-502545,3,4,2,59.99,0
SO-502546,1,23,1,34.99,0
SO-502547,1,13,1,129.99,0
SO-502548,1,16,1,74.99,5
SO-502548,2,15,3,39.99,10
SO-502548,3,22,2,79.99,5
SO-502548,4,11,1,64.99,15
SO-502549,1,16,1,74.99,0
SO-502550,1,8,1,54.99,0
SO-502550,2,7,2,169.99,15
SO-502551,1,2,3,166.99,15
SO-502551,2,17,9,16.99,25
SO-502551,3,16,10,69.99,20
SO-502551,4,14,9,92.99,20
SO-502552,1,17,1,17.99,0
SO-502552,2,1,1,199.99,15
SO-502553,1,8,14,54.99,25
SO-502553,2,4,12,59.99,25
SO-502553,3,1,19,199.99,20
SO-502554,1,15,2,36.99,0
SO-502555,1,18,2,14.99,0
SO-502555,2,7,1,169.99,5
SO-502556,1,2,2,179.99,0
SO-502557,1,1,1,199.99,0
SO-502558,1,6,1,29.99,15
SO-502558,2,8,1,54.99,0
SO-502559,1,8,1,54.99,0
SO-502559,2,19,2,699.99,0
SO-502560,1,17,3,17.99,0
SO-502560,2,15,2,39.99,0
SO-502561,1,17,3,17.99,0
SO-502562,1,20,2,557.99,5
SO-502563,1,12,1,19.99,5
SO-502564,1,7,1,169.99,30
SO-502564,2,12,2,19.99,30
SO-502565,1,4,1,59.99,0
SO-502565,2,6,2,29.99,5
SO-502566,1,22,1,79.99,0
SO-502566,2,19,2,699.99,15
SO-502566,3,6,3,29.99,5
SO-502566,4,18,1,14.99,15
SO-502567,1,18,3,14.99,10
SO-502567,2,20,1,599.99,15
SO-502567,3,6,3,29.99,15
SO-502568,1,2,1,179.99,0
SO-502568,2,13,2,129.99,15
SO-502569,1,1,1,199.99,15
SO-502569,2,3,1,49.99,10
SO-502569,3,4,1,59.99,0
SO-502570,1,19,1,650.99,0
SO-502570,2,9,2,83.99,15
SO-502570,3,15,1,36.99,10
SO-502570,4,18,3,13.99,10
SO-502571,1,7,1,169.99,0
SO-502572,1,22,4,79.99,20
SO-502572,2,11,4,64.99,15
SO-502572,3,6,9,29.99,15
SO-502572,4,2,9,179.99,15
SO-502573,1,8,1,54.99,0
SO-502573,2,21,1,24.99,0
SO-502574,1,10,1,149.99,0
SO-502575,1,10,1,149.99,10
SO-502576,1,10,1,149.99,5
SO-502576,2,16,2,74.99,5
SO-502576,3,11,1,64.99,0
SO-502577,1,14,1,99.99,5
SO-502578,1,13,2,129.99,0
SO-502578,2,3,3,49.99,0
SO-502578,3,18,3,14.99,5
SO-502578,4,12,2,19.99,0
SO-502579,1,6,1,29.99,0
SO-502579,2,8,1,54.99,0
SO-502580,1,12,2,19.99,5
SO-502580,2,17,1,17.99,0
SO-502580,3,24,3,44.99,0
SO-502581,1,7,2,169.99,0
SO-502581,2,16,2,74.99,0
SO-502582,1,21,2,24.99,0
SO-502583,1,16,2,74.99,15
SO-502584,1,7,1,169.99,0
SO-502585,1,10,9,149.99,15
SO-502585,2,13,15,129.99,25
SO-502585,3,7,9,169.99,20
SO-502585,4,14,18,99.99,15
SO-502586,1,23,3,34.99,30
SO-502586,2,9,1,89.99,30
SO-502587,1,2,2,179.99,0
SO-502587,2,18,1,14.99,0
SO-502587,3,23,1,34.99,10
SO-502588,1,24,1,44.99,5
SO-502589,1,14,1,99.99,10
SO-502589,2,2,2,179.99,0
SO-502589,3,11,1,64.99,0
SO-502589,4,22,2,79.99,10
SO-502590,1,9,1,89.99,0
SO-502591,1,9,2,89.99,0
SO-502592,1,4,1,59.99,0
SO-502593,1,8,1,54.99,0
SO-502593,2,18,2,14.99,10
SO-502594,1,7,2,169.99,10
SO-502595,1,8,21,54.99,25
SO-502595,2,6,17,29.99,20
SO-502595,3,12,12,19.99,20
SO-502595,4,20,15,599.99,20
SO-502596,1,15,3,36.99,0
SO-502597,1,14,2,99.99,15
SO-502597,2,13,1,129.99,0
SO-502597,3,8,1,54.99,0
SO-502597,4,2,1,179.99,5
SO-502598,1,7,1,169.99,0
SO-502598,2,12,2,19.99,10
SO-502599,1,7,1,157.99,0
SO-502599,2,17,2,16.99,0
SO-502600,1,11,13,64.99,20
SO-502600,2,24,12,44.99,25
SO-502600,3,10,15,149.99,15
SO-502601,1,18,2,14.99,0
SO-502601,2,3,2,49.99,0
SO-502601,3,14,1,99.99,0
SO-502601,4,15,3,39.99,0
SO-502602,1,13,2,129.99,0
SO-502602,2,18,3,14.99,0
SO-502602,3,22,1,79.99,0
SO-502602,4,3,3,49.99,10
SO-502603,1,20,9,557.99,20
SO-502603,2,15,6,36.99,20
SO-502603,3,18,5,13.99,15
SO-502604,1,24,3,44.99,0
SO-502604,2,5,2,39.99,0
SO-502605,1,22,1,79.99,0
SO-502605,2,14,2,99.99,0
SO-502606,1,11,2,59.99,5
SO-502606,2,16,2,69.99,15
SO-502607,1,11,2,64.99,30
SO-502607,2,16,2,74.99,30
SO-502608,1,2,2,179.99,0
SO-502608,2,8,1,54.99,15
SO-502609,1,22,2,79.99,10
SO-502610,1,2,1,179.99,0
SO-502610,2,11,2,64.99,10
SO-502611,1,3,6,49.99,20
SO-502611,2,18,6,14.99,20
SO-502611,3,20,8,599.99,20
SO-502611,4,24,9,44.99,15
SO-502612,1,19,2,699.99,10
SO-502612,2,4,1,59.99,10
SO-502613,1,17,3,17.99,5
SO-502613,2,18,2,14.99,0
SO-502614,1,21,3,24.99,5
SO-502614,2,11,2,64.99,10
SO-502615,1,4,1,59.99,10
SO-502616,1,16,1,74.99,0
SO-502617,1,18,1,13.99,0
SO-502617,2,10,1,138.99,0
SO-502617,3,2,1,166.99,0
SO-502617,4,3,1,45.99,5
SO-502618,1,16,1,74.99,5
SO-502619,1,8,1,54.99,0
SO-502619,2,16,1,74.99,10
SO-502620,1,17,1,17.99,0
SO-502621,1,2,1,179.99,0
SO-502621,2,14,1,99.99,0
SO-502621,3,13,1,129.99,0
SO-502621,4,3,1,49.99,0
SO-502622,1,18,1,14.99,0
SO-502623,1,5,2,39.99,0
SO-502623,2,2,1,179.99,15
SO-502624,1,11,1,64.99,0
SO-502624,2,15,1,39.99,15
SO-502624,3,10,1,149.99,0
SO-502624,4,7,1,169.99,10
SO-502625,1,10,1,149.99,0
SO-502625,2,6,1,29.99,5
SO-502626,1,21,1,24.99,10
SO-502626,2,11,1,64.99,0
SO-502627,1,5,1,39.99,10
SO-502627,2,4,1,59.99,5
SO-502627,3,7,1,169.99,0
SO-502628,1,4,1,59.99,15
SO-502629,1,1,2,199.99,10
SO-502629,2,17,3,17.99,0
SO-502630,1,12,8,19.99,15
SO-502630,2,7,12,169.99,25
SO-502630,3,2,14,179.99,20
SO-502631,1,13,7,120.99,15
SO-502631,2,19,8,650.99,15
SO-502632,1,1,1,199.99,10
SO-502632,2,15,3,39.99,0
SO-502633,1,6,2,27.99,0
SO-502634,1,16,2,74.99,0
SO-502634,2,3,2,49.99,0
SO-502635,1,13,1,129.99,0
SO-502636,1,8,2,54.99,10
SO-502636,2,11,1,64.99,0
SO-502637,1,14,2,99.99,0
SO-502638,1,4,1,59.99,0
SO-502639,1,18,2,14.99,0
SO-502639,2,12,3,19.99,0
SO-502640,1,16,2,69.99,10
SO-502640,2,17,1,16.99,15
SO-502641,1,9,1,89.99,0
SO-502641,2,18,1,14.99,0
SO-502641,3,12,1,19.99,0
SO-502642,1,19,1,699.99,0
SO-502642,2,11,1,64.99,5
SO-502642,3,13,1,129.99,0
SO-502642,4,23,2,34.99,0
SO-502643,1,7,3,169.99,15
SO-502643,2,22,3,79.99,20
SO-502644,1,7,1,169.99,5
SO-502645,1,5,1,39.99,0
SO-502646,1,3,1,49.99,10
SO-502646,2,11,2,64.99,15
SO-502647,1,4,2,59.99,0
SO-502647,2,14,1,99.99,0
SO-502648,1,2,2,179.99,0
SO-502649,1,21,1,24.99,10
SO-502649,2,2,2,179.99,15
SO-502650,1,8,12,54.99,20
SO-502650,2,1,14,199.99,15
SO-502650,3,10,12,149.99,20
SO-502650,4,17,17,17.99,15
SO-502651,1,17,2,17.99,0
SO-502651,2,13,1,129.99,0
SO-502651,3,4,1,59.99,10
SO-502652,1,9,1,89.99,5
SO-502652,2,10,1,149.99,0
SO-502653,1,16,7,74.99,15
SO-502653,2,13,4,129.99,25
SO-502653,3,10,5,149.99,15
SO-502654,1,8,1,54.99,0
SO-502655,1,23,3,32.99,0
SO-502656,1,10,1,149.99,5
SO-502657,1,21,1,24.99,0
SO-502658,1,16,1,69.99,0
SO-502658,2,7,1,157.99,15
SO-502659,1,16,1,74.99,0
SO-502660,1,18,3,14.99,5
SO-502661,1,3,1,49.99,0
SO-502662,1,23,2,34.99,0
SO-502663,1,1,2,199.99,0
SO-502664,1,20,2,599.99,0
SO-502664,2,12,3,19.99,0
SO-502665,1,6,1,29.99,0
SO-502665,2,11,1,64.99,10
SO-502665,3,14,2,99.99,0
SO-502665,4,4,1,59.99,0
SO-502666,1,14,1,92.99,0
SO-502667,1,15,3,39.99,5
SO-502667,2,1,2,199.99,10
SO-502668,1,18,1,14.99,0
SO-502668,2,5,2,39.99,5
SO-502668,3,9,2,89.99,0
SO-502668,4,14,1,99.99,15
SO-502669,1,17,1,17.99,0
SO-502670,1,15,1,39.99,0
SO-502671,1,22,1,79.99,0
SO-502672,1,17,1,17.99,0
SO-502672,2,9,2,89.99,0
SO-502672,3,10,2,149.99,0
SO-502672,4,8,1,54.99,0
SO-502673,1,13,2,120.99,10
SO-502673,2,1,1,185.99,0
SO-502673,3,23,1,32.99,15
SO-502673,4,5,1,36.99,0
SO-502674,1,10,2,149.99,5
SO-502674,2,5,2,39.99,0
SO-502675,1,8,2,54.99,5
SO-502675,2,5,3,39.99,0
SO-502675,3,11,1,64.99,0
SO-502675,4,3,2,49.99,0
SO-502676,1,5,2,39.99,0
SO-502677,1,16,2,74.99,0
SO-502678,1,20,1,557.99,0
SO-502678,2,1,1,185.99,10
SO-502678,3,21,1,22.99,5
SO-502679,1,4,1,59.99,0
SO-502679,2,12,1,19.99,0
SO-502679,3,11,1,64.99,15
SO-502680,1,5,3,39.99,0
SO-502681,1,6,3,29.99,0
SO-502681,2,4,2,59.99,0
SO-502682,1,19,2,699.99,0
SO-502682,2,7,1,169.99,5
SO-502683,1,9,2,83.99,5
SO-502684,1,21,2,24.99,10
SO-502685,1,18,2,14.99,10
SO-502685,2,22,1,79.99,5
SO-502686,1,14,1,99.99,0
SO-502687,1,1,1,199.99,15
SO-502687,2,5,3,39.99,10
SO-502688,1,13,1,129.99,15
SO-502688,2,1,1,199.99,15
SO-502689,1,14,2,99.99,0
SO-502690,1,23,1,34.99,0
SO-502690,2,14,1,99.99,10
SO-502691,1,5,3,39.99,15
SO-502692,1,16,1,74.99,10
SO-502692,2,10,1,149.99,0
SO-502692,3,3,2,49.99,0
SO-502692,4,13,1,129.99,0
SO-502693,1,20,1,599.99,5
SO-502693,2,8,1,54.99,0
SO-502694,1,11,2,64.99,0
SO-502694,2,17,2,17.99,0
SO-502694,3,2,1,179.99,5
SO-502694,4,10,1,149.99,10
SO-502695,1,12,1,19.99,5
SO-502695,2,1,1,199.99,10
SO-502695,3,4,1,59.99,5
SO-502695,4,7,1,169.99,0
SO-502696,1,6,2,29.99,0
SO-502696,2,12,1,19.99,10
SO-502697,1,3,3,49.99,0
SO-502697,2,15,1,39.99,15
SO-502697,3,14,1,99.99,10
SO-502698,1,19,1,699.99,0
SO-502699,1,20,1,599.99,10
SO-502699,2,17,2,17.99,15
SO-502700,1,20,2,599.99,0
SO-502701,1,15,3,39.99,0
SO-502702,1,9,2,89.99,0
SO-502702,2,13,1,129.99,10
SO-502703,1,22,1,79.99,5
SO-502704,1,8,2,54.99,15
SO-502705,1,22,1,79.99,0
SO-502705,2,1,1,199.99,0
SO-502705,3,8,2,54.99,0
SO-502705,4,10,1,149.99,0
SO-502706,1,9,1,89.99,0
SO-502706,2,7,1,169.99,15
SO-502707,1,11,1,64.99,0
SO-502708,1,18,2,14.99,15
SO-502708,2,15,3,39.99,0
SO-502709,1,9,1,89.99,15
SO-502709,2,16,2,74.99,0
SO-502710,1,6,3,29.99,5
SO-502711,1,11,1,64.99,0
SO-502712,1,8,2,54.99,0
SO-502712,2,10,1,149.99,5
SO-502713,1,1,2,199.99,10
SO-502714,1,2,1,166.99,5
SO-502714,2,11,1,59.99,0
SO-502715,1,9,1,89.99,0
SO-502716,1,24,2,44.99,0
SO-502716,2,16,1,74.99,10
SO-502717,1,16,2,74.99,0
SO-502717,2,24,2,44.99,10
SO-502718,1,16,1,74.99,0
SO-502719,1,5,19,39.99,15
SO-502719,2,13,20,129.99,15
SO-502719,3,4,17,59.99,20
SO-502719,4,2,10,179.99,20
SO-502720,1,16,1,74.99,10
SO-502721,1,15,2,39.99,0
SO-502722,1,7,2,169.99,0
SO-502722,2,15,1,39.99,5
SO-502723,1,9,5,89.99,15
SO-502723,2,20,7,599.99,20
SO-502724,1,2,1,179.99,0
SO-502724,2,11,2,64.99,0
SO-502725,1,10,2,149.99,0
SO-502725,2,12,3,19.99,10
SO-502726,1,15,3,39.99,5
SO-502727,1,5,3,39.99,0
SO-502728,1,22,1,79.99,10
SO-502728,2,7,1,169.99,0
SO-502729,1,4,1,59.99,0
SO-502729,2,16,1,74.99,5
SO-502730,1,3,1,49.99,15
SO-502731,1,7,2,169.99,15
SO-502732,1,17,2,16.99,10
SO-502732,2,19,1,650.99,15
SO-502732,3,7,2,157.99,0
SO-502732,4,18,2,13.99,0
SO-502733,1,5,2,39.99,10
SO-502734,1,22,1,79.99,15
SO-502734,2,15,2,39.99,0
SO-502735,1,10,1,149.99,0
SO-502735,2,19,2,699.99,0
SO-502736,1,9,1,89.99,5
SO-502736,2,8,1,54.99,5
SO-502737,1,17,3,17.99,0
SO-502738,1,24,3,44.99,15
SO-502738,2,11,1,64.99,10
SO-502739,1,8,2,54.99,0
SO-502739,2,18,2,14.99,0
SO-502740,1,9,1,89.99,10
SO-502741,1,13,1,129.99,0
SO-502741,2,17,3,17.99,0
SO-502741,3,16,1,74.99,10
SO-502741,4,11,2,64.99,0
SO-502742,1,2,1,179.99,0
SO-502742,2,7,1,169.99,0
SO-502743,1,16,1,74.99,0
SO-502744,1,22,2,79.99,10
SO-502744,2,10,1,149.99,5
SO-502745,1,10,2,149.99,0
SO-502746,1,7,1,169.99,0
SO-502747,1,20,2,599.99,0
SO-502747,2,9,1,89.99,10
SO-502748,1,1,1,199.99,15
SO-502749,1,5,1,36.99,15
SO-502750,1,16,1,74.99,0
SO-502750,2,3,3,49.99,10
SO-502751,1,17,3,17.99,0
SO-502752,1,13,1,129.99,0
SO-502753,1,22,1,79.99,10
SO-502754,1,3,3,49.99,0
SO-502754,2,1,1,199.99,10
SO-502754,3,4,1,59.99,0
SO-502754,4,17,1,17.99,5
SO-502755,1,7,1,169.99,0
SO-502756,1,19,1,699.99,0
SO-502756,2,5,3,39.99,0
SO-502756,3,10,1,149.99,0
SO-502757,1,18,2,14.99,0
SO-502758,1,17,2,17.99,0
SO-502758,2,9,1,89.99,10
SO-502758,3,4,2,59.99,0
SO-502759,1,11,1,64.99,0
SO-502759,2,20,1,599.99,0
SO-502760,1,9,2,89.99,15
SO-502760,2,8,1,54.99,0
SO-502760,3,5,1,39.99,5
SO-502761,1,4,1,59.99,15
SO-502761,2,15,3,39.99,15
SO-502762,1,14,1,92.99,0
SO-502762,2,19,2,650.99,0
SO-502763,1,3,1,49.99,0
SO-502763,2,22,1,79.99,0
SO-502764,1,17,2,17.99,10
SO-502764,2,10,2,149.99,0
SO-502765,1,21,2,22.99,15
SO-502765,2,15,3,36.99,0
SO-502766,1,19,1,699.99,5
SO-502766,2,2,1,179.99,0
SO-502767,1,3,2,49.99,5
SO-502768,1,17,2,17.99,30
SO-502768,2,13,2,129.99,30
SO-502768,3,5,3,39.99,30
SO-502768,4,14,2,99.99,30
SO-502769,1,15,1,39.99,0
SO-502770,1,3,2,49.99,5
SO-502771,1,17,3,17.99,0
SO-502771,2,18,3,14.99,10
SO-502772,1,14,7,99.99,15
SO-502772,2,6,10,29.99,15
SO-502772,3,5,8,39.99,20
SO-502773,1,2,1,179.99,0
SO-502774,1,20,1,599.99,10
SO-502774,2,17,2,17.99,5
SO-502775,1,1,1,199.99,0
SO-502776,1,21,3,24.99,0
SO-502776,2,18,1,14.99,0
SO-502777,1,15,3,39.99,10
SO-502778,1,17,1,16.99,0
SO-502779,1,5,1,39.99,10
SO-502779,2,11,1,64.99,10
SO-502779,3,7,1,169.99,10
SO-502779,4,1,2,199.99,0
SO-502780,1,13,2,129.99,5
SO-502780,2,9,2,89.99,0
SO-502780,3,8,2,54.99,10
SO-502780,4,1,1,199.99,10
SO-502781,1,18,2,14.99,0
SO-502781,2,17,1,17.99,10
SO-502782,1,14,1,99.99,0
SO-502782,2,11,1,64.99,15
SO-502782,3,4,1,59.99,0
SO-502783,1,14,1,99.99,0
SO-502783,2,11,1,64.99,15
SO-502784,1,23,1,34.99,0
SO-502784,2,6,2,29.99,15
SO-502784,3,9,2,89.99,0
SO-502784,4,24,2,44.99,0
SO-502785,1,16,2,74.99,5
SO-502786,1,23,1,34.99,0
SO-502786,2,10,1,149.99,0
SO-502787,1,10,7,149.99,15
SO-502787,2,13,9,129.99,15
SO-502787,3,1,10,199.99,20
SO-502788,1,3,3,49.99,10
SO-502789,1,3,1,49.99,0
SO-502790,1,15,3,36.99,0
SO-502790,2,19,1,650.99,0
SO-502791,1,4,2,59.99,0
SO-502792,1,14,2,99.99,0
SO-502793,1,17,1,17.99,0
SO-502794,1,10,1,149.99,10
SO-502794,2,17,1,17.99,0
SO-502795,1,24,3,44.99,0
SO-502795,2,21,1,24.99,15
SO-502796,1,1,1,199.99,0
SO-502797,1,7,1,157.99,10
SO-502798,1,22,1,79.99,5
SO-502798,2,6,1,29.99,0
SO-502799,1,15,1,39.99,15
SO-502800,1,21,1,24.99,5
SO-502800,2,12,2,19.99,0
SO-502801,1,9,1,89.99,5
SO-502801,2,1,1,199.99,5
SO-502802,1,21,2,24.99,5
SO-502802,2,23,1,34.99,10
SO-502802,3,24,3,44.99,0
SO-502803,1,21,3,24.99,5
SO-502803,2,15,1,39.99,5
SO-502804,1,16,1,74.99,0
SO-502804,2,12,3,19.99,10
SO-502804,3,21,2,24.99,0
SO-502805,1,11,1,59.99,10
SO-502806,1,15,1,39.99,0
SO-502806,2,18,1,14.99,10
SO-502807,1,23,1,34.99,15
SO-502807,2,18,1,14.99,5
SO-502808,1,22,1,79.99,10
SO-502808,2,15,3,39.99,10
SO-502808,3,21,2,24.99,5
SO-502809,1,18,2,13.99,5
SO-502809,2,6,2,27.99,0
SO-502810,1,10,1,149.99,10
SO-502810,2,14,1,99.99,0
SO-502811,1,3,3,49.99,0
SO-502811,2,13,2,129.99,0
SO-502812,1,18,2,14.99,10
SO-502813,1,13,2,129.99,0
SO-502814,1,17,1,17.99,5
SO-502814,2,15,3,39.99,0
SO-502815,1,19,1,699.99,0
SO-502816,1,3,3,49.99,10
SO-502816,2,14,1,99.99,0
SO-502817,1,21,1,24.99,10
SO-502817,2,22,1,79.99,0
SO-502817,3,9,1,89.99,10
SO-502818,1,7,1,169.99,5
SO-502818,2,6,3,29.99,5
SO-502818,3,24,2,44.99,0
SO-502819,1,14,2,99.99,0
SO-502819,2,10,1,149.99,0
SO-502820,1,1,2,199.99,15
SO-502820,2,8,1,54.99,0
SO-502820,3,17,1,17.99,0
SO-502821,1,15,1,39.99,10
SO-502821,2,16,1,74.99,0
SO-502822,1,1,1,199.99,30
SO-502822,2,19,1,699.99,30
SO-502823,1,10,1,149.99,0
SO-502824,1,22,1,79.99,0
SO-502825,1,6,1,29.99,0
SO-502825,2,10,1,149.99,10
SO-502826,1,6,3,29.99,10
SO-502827,1,12,5,18.99,15
SO-502827,2,7,6,157.99,25
SO-502827,3,3,8,45.99,20
SO-502828,1,16,1,74.99,0
SO-502828,2,7,1,169.99,0
SO-502829,1,14,1,99.99,0
SO-502830,1,9,2,89.99,0
SO-502831,1,3,3,49.99,10
SO-502832,1,11,6,64.99,20
SO-502832,2,12,8,19.99,20
SO-502832,3,16,4,74.99,15
SO-502833,1,21,1,24.99,0
SO-502833,2,3,3,49.99,10
SO-502834,1,18,6,14.99,20
SO-502834,2,20,5,599.99,20
SO-502835,1,7,1,169.99,0
SO-502835,2,4,1,59.99,15
SO-502836,1,2,1,179.99,0
SO-502837,1,16,1,74.99,15
SO-502837,2,20,1,599.99,0
SO-502838,1,5,3,39.99,20
SO-502838,2,1,4,199.99,25
SO-502838,3,16,9,74.99,20
SO-502839,1,17,3,17.99,5
SO-502840,1,24,2,44.99,10
SO-502841,1,8,1,54.99,0
SO-502841,2,18,1,14.99,0
SO-502842,1,12,1,19.99,0
SO-502842,2,10,1,149.99,15
SO-502843,1,16,7,74.99,15
SO-502843,2,13,7,129.99,15
SO-502843,3,11,10,64.99,20
SO-502844,1,16,1,74.99,10
SO-502844,2,17,2,17.99,0
SO-502844,3,13,1,129.99,5
SO-502844,4,20,1,599.99,10
SO-502845,1,14,1,99.99,0
SO-502845,2,6,1,29.99,0
SO-502845,3,9,2,89.99,0
SO-502845,4,16,1,74.99,5
SO-502846,1,23,2,32.99,0
SO-502846,2,17,2,16.99,10
SO-502847,1,9,1,89.99,5
SO-502847,2,3,1,49.99,0
SO-502847,3,10,1,149.99,15
SO-502847,4,17,3,17.99,0
SO-502848,1,2,1,179.99,5
SO-502848,2,3,2,49.99,5
SO-502849,1,1,1,185.99,0
SO-502849,2,3,2,45.99,0
SO-502850,1,21,2,24.99,15
SO-502850,2,8,1,54.99,0
SO-502851,1,2,1,179.99,0
SO-502852,1,23,3,34.99,5
SO-502852,2,3,2,49.99,10
SO-502853,1,6,2,29.99,10
SO-502853,2,17,3,17.99,0
SO-502854,1,8,8,54.99,15
SO-502854,2,17,10,17.99,15
SO-502855,1,7,1,169.99,0
SO-502855,2,3,2,49.99,0
SO-502856,1,11,1,59.99,0
SO-502857,1,7,1,169.99,0
SO-502858,1,9,2,89.99,0
SO-502858,2,15,3,39.99,10
SO-502859,1,10,13,149.99,25
SO-502859,2,23,8,34.99,15
SO-502859,3,16,17,74.99,25
SO-502860,1,7,1,169.99,0
SO-502860,2,4,2,59.99,0
SO-502861,1,14,1,99.99,10
SO-502861,2,9,1,89.99,0
SO-502862,1,19,1,699.99,5
SO-502862,2,20,1,599.99,0
SO-502862,3,22,1,79.99,0
SO-502862,4,12,1,19.99,0
SO-502863,1,17,2,17.99,0
SO-502864,1,8,2,54.99,10
SO-502864,2,16,1,74.99,15
SO-502865,1,24,2,44.99,5
SO-502866,1,8,2,54.99,0
SO-502866,2,16,1,74.99,5
SO-502867,1,15,3,39.99,0
SO-502867,2,13,1,129.99,0
SO-502868,1,19,2,650.99,0
SO-502868,2,9,1,83.99,0
SO-502869,1,23,2,34.99,10
SO-502870,1,15,1,36.99,15
SO-502871,1,19,1,699.99,0
SO-502872,1,7,4,169.99,20
SO-502872,2,6,6,29.99,15
SO-502872,3,16,7,74.99,20
SO-502872,4,13,9,129.99,15
SO-502873,1,6,2,29.99,0
SO-502873,2,20,1,599.99,0
SO-502873,3,2,2,179.99,0
SO-502873,4,9,1,89.99,0
SO-502874,1,4,1,59.99,0
SO-502874,2,19,1,699.99,0
SO-502874,3,23,1,34.99,0
SO-502875,1,8,2,54.99,0
SO-502876,1,15,2,39.99,0
SO-502876,2,13,2,129.99,0
SO-502877,1,22,1,79.99,10
SO-502877,2,15,2,39.99,0
SO-502877,3,20,1,599.99,0
SO-502878,1,18,2,13.99,15
SO-502878,2,1,2,185.99,5
SO-502879,1,19,1,699.99,30
SO-502880,1,7,2,157.99,0
SO-502880,2,5,3,36.99,10
SO-502881,1,13,1,129.99,10
SO-502882,1,22,1,79.99,0
SO-502883,1,23,2,34.99,5
SO-502884,1,5,2,39.99,0
SO-502885,1,8,1,54.99,0
SO-502885,2,1,2,199.99,0
SO-502886,1,7,2,169.99,0
SO-502886,2,17,1,17.99,5
SO-502887,1,8,1,54.99,0
SO-502888,1,5,3,39.99,0
SO-502888,2,10,1,149.99,0
SO-502889,1,5,4,36.99,15
SO-502889,2,20,5,557.99,25
SO-502889,3,12,8,18.99,20
SO-502889,4,22,8,73.99,20
SO-502890,1,15,1,39.99,0
SO-502890,2,3,1,49.99,0
SO-502891,1,19,2,699.99,15
SO-502892,1,12,2,19.99,0
SO-502893,1,14,1,99.99,0
SO-502893,2,20,2,599.99,0
SO-502894,1,13,2,129.99,10
SO-502895,1,13,1,129.99,0
SO-502896,1,11,1,64.99,0
SO-502897,1,3,1,49.99,5
SO-502897,2,14,2,99.99,0
SO-502898,1,4,1,59.99,0
SO-502899,1,13,1,129.99,0
SO-502899,2,7,1,169.99,0
SO-502900,1,3,2,49.99,5
SO-502900,2,9,2,89.99,10
SO-502901,1,11,1,64.99,5
SO-502901,2,13,1,129.99,0
SO-502902,1,4,1,59.99,0
SO-502902,2,13,2,129.99,0
SO-502902,3,18,1,14.99,0
SO-502903,1,1,1,199.99,15
SO-502904,1,1,1,199.99,10
SO-502905,1,18,2,14.99,0
SO-502905,2,22,1,79.99,0
SO-502906,1,11,2,64.99,0
SO-502906,2,10,1,149.99,0
SO-502906,3,9,1,89.99,10
SO-502907,1,24,1,41.99,0
SO-502907,2,11,2,59.99,10
SO-502908,1,8,1,54.99,0
SO-502908,2,16,1,74.99,0
SO-502908,3,13,2,129.99,15
SO-502908,4,10,1,149.99,0
SO-502909,1,12,1,19.99,0
SO-502909,2,11,2,64.99,0
SO-502909,3,8,2,54.99,10
SO-502909,4,1,2,199.99,0
SO-502910,1,1,1,199.99,0
SO-502911,1,8,3,54.99,15
SO-502911,2,17,10,17.99,20
SO-502912,1,22,1,73.99,5
SO-502912,2,10,1,138.99,0
SO-502912,3,17,2,16.99,0
SO-502912,4,8,1,50.99,15
SO-502913,1,9,1,89.99,0
SO-502914,1,17,2,17.99,15
SO-502914,2,7,1,169.99,0
SO-502915,1,5,2,39.99,0
SO-502915,2,1,1,199.99,0
SO-502915,3,19,2,699.99,0
SO-502916,1,12,3,19.99,0
SO-502916,2,9,1,89.99,5
SO-502916,3,8,1,54.99,10
SO-502916,4,2,2,179.99,15
SO-502917,1,6,2,29.99,0
SO-502918,1,14,2,99.99,5
SO-502918,2,9,1,89.99,0
SO-502919,1,15,1,39.99,10
SO-502919,2,11,1,64.99,0
SO-502920,1,5,2,39.99,15
SO-502921,1,12,3,19.99,0
SO-502922,1,14,1,99.99,5
SO-502922,2,11,2,64.99,10
SO-502923,1,24,2,44.99,0
SO-502924,1,17,2,17.99,15
SO-502924,2,22,2,79.99,0
SO-502925,1,10,1,149.99,0
SO-502925,2,21,2,24.99,0
SO-502926,1,6,1,29.99,10
SO-502926,2,4,1,59.99,0
SO-502927,1,17,1,17.99,0
SO-502927,2,16,1,74.99,0
SO-502927,3,6,2,29.99,5
SO-502927,4,15,3,39.99,10
SO-502928,1,3,2,49.99,0
SO-502929,1,11,1,64.99,0
SO-502929,2,10,1,149.99,0
SO-502930,1,10,1,149.99,5
SO-502931,1,12,3,19.99,15
SO-502932,1,21,1,24.99,15
SO-502932,2,9,1,89.99,0
SO-502932,3,16,1,74.99,0
SO-502932,4,12,2,19.99,0
SO-502933,1,16,2,74.99,0
SO-502934,1,8,2,54.99,0
SO-502934,2,13,1,129.99,15
SO-502935,1,15,3,39.99,0
SO-502936,1,18,2,14.99,5
SO-502936,2,23,1,34.99,0
SO-502937,1,24,1,44.99,0
SO-502937,2,1,2,199.99,10
SO-502938,1,5,2,36.99,10
SO-502939,1,11,1,64.99,15
SO-502940,1,7,1,169.99,10
SO-502940,2,3,1,49.99,0
SO-502940,3,5,1,39.99,10
SO-502940,4,10,1,149.99,0
SO-502941,1,9,1,89.99,15
SO-502941,2,13,1,129.99,0
SO-502942,1,13,2,129.99,5
SO-502942,2,11,1,64.99,0
SO-502942,3,14,1,99.99,5
SO-502943,1,12,3,19.99,10
SO-502944,1,13,1,129.99,0
SO-502944,2,9,1,89.99,0
SO-502945,1,5,3,36.99,0
SO-502946,1,10,2,138.99,0
SO-502946,2,8,1,50.99,15
SO-502947,1,8,1,54.99,5
SO-502947,2,4,2,59.99,0
SO-502947,3,12,1,19.99,0
SO-502947,4,11,1,64.99,10
SO-502948,1,7,1,169.99,0
SO-502949,1,9,2,89.99,0
SO-502949,2,11,1,64.99,0
SO-502949,3,16,2,74.99,0
SO-502950,1,9,1,89.99,10
SO-502950,2,6,1,29.99,5
SO-502951,1,14,1,99.99,5
SO-502951,2,16,2,74.99,0
SO-502952,1,12,1,19.99,0
SO-502952,2,11,1,64.99,5
SO-502953,1,13,1,129.99,0
SO-502954,1,24,1,44.99,5
SO-502955,1,16,2,74.99,0
SO-502956,1,9,1,89.99,0
SO-502957,1,12,1,18.99,0
SO-502957,2,15,3,36.99,0
SO-502958,1,12,5,19.99,15
SO-502958,2,7,9,169.99,20
SO-502958,3,15,5,39.99,20
SO-502959,1,15,1,39.99,0
SO-502960,1,6,2,29.99,0
SO-502960,2,22,2,79.99,0
SO-502960,3,3,3,49.99,5
SO-502961,1,24,3,44.99,30
SO-502962,1,14,1,92.99,0
SO-502963,1,14,1,99.99,0
SO-502964,1,13,1,129.99,0
SO-502965,1,14,2,99.99,0
SO-502965,2,17,3,17.99,5
SO-502966,1,20,2,599.99,5
SO-502966,2,2,1,179.99,10
SO-502967,1,10,1,149.99,5
SO-502967,2,15,1,39.99,5
SO-502968,1,11,1,64.99,0
SO-502968,2,5,2,39.99,0
SO-502969,1,21,2,24.99,0
SO-502969,2,16,1,74.99,0
SO-502970,1,17,1,17.99,10
SO-502970,2,16,1,74.99,0
SO-502971,1,2,16,179.99,25
SO-502971,2,23,9,34.99,15
SO-502972,1,10,2,149.99,0
SO-502973,1,16,2,74.99,0
SO-502974,1,23,2,34.99,15
SO-502975,1,13,2,129.99,0
SO-502976,1,7,1,169.99,0
SO-502976,2,23,2,34.99,10
SO-502977,1,7,1,169.99,0
SO-502978,1,20,1,599.99,0
SO-502979,1,3,2,49.99,15
SO-502980,1,17,4,17.99,20
SO-502980,2,16,4,74.99,25
SO-502981,1,18,1,14.99,0
SO-502982,1,22,2,79.99,15
SO-502983,1,17,11,17.99,20
SO-502983,2,6,15,29.99,20
SO-502983,3,24,11,44.99,20
SO-502984,1,16,1,74.99,30
SO-502984,2,14,1,99.99,30
SO-502984,3,1,1,199.99,30
SO-502985,1,18,1,14.99,0
SO-502985,2,22,1,79.99,0
SO-502985,3,2,1,179.99,15
SO-502985,4,1,1,199.99,10
SO-502986,1,11,2,64.99,0
SO-502986,2,2,1,179.99,5
SO-502987,1,18,1,14.99,0
SO-502987,2,11,2,64.99,5
SO-502988,1,2,10,179.99,25
SO-502988,2,10,8,149.99,15
SO-502988,3,19,5,699.99,15
SO-502989,1,17,3,17.99,0
SO-502989,2,7,1,169.99,0
SO-502990,1,7,1,169.99,0
SO-502990,2,11,1,64.99,0
SO-502990,3,12,1,19.99,10
SO-502991,1,24,2,44.99,0
SO-502991,2,11,2,64.99,0
SO-502992,1,24,17,44.99,20
SO-502992,2,17,10,17.99,20
SO-502992,3,11,19,64.99,15
SO-502992,4,13,20,129.99,25
SO-502993,1,16,2,74.99,15
SO-502993,2,7,1,169.99,5
SO-502993,3,18,3,14.99,5
SO-502994,1,24,3,44.99,0
SO-502995,1,2,1,179.99,5
SO-502995,2,11,1,64.99,0
SO-502996,1,16,1,74.99,30
SO-502996,2,2,2,179.99,30
SO-502996,3,1,1,199.99,30
SO-502997,1,14,2,99.99,10
SO-502997,2,7,1,169.99,0
SO-502998,1,8,2,54.99,0
SO-502998,2,13,1,129.99,0
SO-502999,1,16,2,74.99,0
SO-503000,1,13,1,129.99,0
SO-503000,2,14,1,99.99,15
SO-503001,1,12,5,19.99,20
SO-503001,2,17,9,17.99,20
SO-503002,1,21,3,24.99,0
SO-503002,2,10,2,149.99,10
SO-503002,3,11,2,64.99,10
SO-503002,4,18,1,14.99,0
SO-503003,1,3,2,49.99,0
SO-503004,1,15,2,36.99,10
SO-503005,1,18,2,14.99,5
SO-503006,1,12,3,19.99,15
SO-503006,2,18,3,14.99,0
SO-503006,3,24,3,44.99,0
SO-503007,1,13,1,129.99,0
SO-503008,1,18,9,14.99,15
SO-503008,2,11,4,64.99,20
SO-503008,3,14,7,99.99,15
SO-503008,4,3,8,49.99,25
SO-503009,1,18,1,14.99,15
SO-503009,2,2,1,179.99,0
SO-503010,1,9,1,89.99,0
SO-503010,2,21,2,24.99,0
SO-503010,3,11,1,64.99,10
SO-503011,1,14,1,99.99,15
SO-503012,1,9,2,89.99,0
SO-503012,2,14,1,99.99,0
SO-503013,1,4,1,59.99,15
SO-503013,2,11,1,64.99,0
SO-503013,3,6,3,29.99,0
SO-503014,1,4,8,59.99,20
SO-503014,2,17,4,17.99,15
SO-503014,3,19,9,699.99,15
SO-503014,4,5,6,39.99,15
SO-503015,1,23,1,34.99,0
SO-503016,1,16,1,74.99,0
SO-503016,2,18,2,14.99,0
SO-503016,3,9,1,89.99,10
SO-503016,4,15,1,39.99,0
SO-503017,1,24,1,44.99,0
SO-503017,2,15,3,39.99,0
SO-503018,1,10,1,149.99,5
SO-503018,2,8,1,54.99,10
SO-503019,1,12,2,19.99,0
SO-503020,1,14,1,99.99,0
SO-503021,1,8,1,54.99,0
SO-503021,2,1,1,199.99,5
SO-503021,3,20,1,599.99,0
SO-503021,4,11,1,64.99,0
SO-503022,1,22,1,73.99,0
SO-503022,2,1,2,185.99,15
SO-503022,3,15,2,36.99,0
SO-503023,1,17,1,17.99,0
SO-503023,2,20,2,599.99,0
SO-503024,1,1,1,199.99,5
SO-503025,1,1,1,199.99,5
SO-503026,1,6,3,29.99,0
SO-503027,1,15,2,39.99,15
SO-503028,1,18,1,14.99,0
SO-503028,2,12,1,19.99,5
SO-503029,1,13,1,129.99,0
SO-503029,2,4,1,59.99,0
SO-503029,3,21,2,24.99,0
SO-503029,4,19,2,699.99,0
SO-503030,1,20,1,599.99,15
SO-503030,2,4,1,59.99,5
SO-503031,1,5,3,39.99,0
SO-503032,1,20,1,599.99,0
SO-503033,1,21,1,24.99,0
SO-503034,1,10,1,149.99,0
SO-503035,1,17,2,16.99,0
SO-503035,2,5,1,36.99,0
SO-503035,3,15,3,36.99,0
SO-503035,4,13,1,120.99,0
SO-503036,1,5,3,39.99,0
SO-503036,2,6,3,29.99,0
SO-503037,1,12,1,19.99,10
SO-503038,1,6,3,29.99,0
SO-503039,1,5,2,39.99,0
SO-503039,2,12,3,19.99,0
SO-503040,1,22,1,79.99,5
SO-503040,2,13,2,129.99,5
SO-503041,1,10,1,149.99,0
SO-503042,1,13,1,129.99,0
SO-503042,2,18,2,14.99,0
SO-503043,1,13,1,120.99,0
SO-503043,2,3,2,45.99,0
SO-503044,1,18,2,13.99,5
SO-503045,1,10,5,149.99,20
SO-503045,2,6,8,29.99,15
SO-503045,3,7,6,169.99,15
SO-503045,4,21,9,24.99,20
SO-503046,1,4,1,59.99,5
SO-503047,1,14,1,99.99,0
SO-503048,1,9,1,83.99,10
SO-503048,2,24,3,41.99,15
SO-503049,1,1,1,199.99,5
SO-503049,2,2,1,179.99,15
SO-503050,1,17,2,17.99,15
SO-503050,2,15,2,39.99,0
SO-503051,1,9,1,89.99,10
SO-503051,2,6,2,29.99,0
SO-503052,1,23,8,34.99,20
SO-503052,2,8,9,54.99,15
SO-503052,3,6,9,29.99,20
SO-503053,1,17,1,17.99,0
SO-503053,2,12,2,19.99,0
SO-503053,3,13,1,129.99,5
SO-503053,4,2,1,179.99,0
SO-503054,1,4,1,59.99,0
SO-503055,1,18,3,14.99,15
SO-503055,2,15,2,39.99,0
SO-503056,1,13,1,129.99,0
SO-503056,2,18,2,14.99,15
SO-503057,1,8,2,54.99,0
SO-503058,1,14,1,99.99,0
SO-503058,2,18,2,14.99,15
SO-503058,3,15,3,39.99,5
SO-503058,4,1,1,199.99,0
SO-503059,1,7,2,169.99,15
SO-503059,2,10,2,149.99,0
SO-503059,3,9,1,89.99,0
SO-503060,1,10,1,149.99,0
SO-503060,2,19,1,699.99,0
SO-503061,1,8,2,54.99,0
SO-503061,2,3,3,49.99,0
SO-503062,1,3,3,49.99,10
SO-503062,2,18,3,14.99,10
SO-503063,1,20,1,599.99,5
SO-503064,1,22,1,79.99,0
SO-503065,1,4,1,59.99,0
SO-503066,1,9,1,89.99,0
SO-503067,1,3,3,49.99,5
SO-503067,2,6,2,29.99,5
SO-503068,1,2,1,179.99,0
SO-503069,1,4,9,59.99,25
SO-503069,2,2,7,179.99,20
SO-503069,3,22,8,79.99,15
SO-503069,4,21,6,24.99,15
SO-503070,1,14,1,99.99,0
SO-503071,1,6,3,29.99,5
SO-503071,2,19,2,699.99,10
SO-503072,1,16,1,74.99,0
SO-503072,2,5,2,39.99,10
SO-503073,1,20,1,599.99,0
SO-503073,2,1,2,199.99,0
SO-503074,1,14,2,99.99,10
SO-503074,2,8,1,54.99,0
SO-503074,3,17,1,17.99,0
SO-503074,4,1,1,199.99,0
SO-503075,1,18,3,14.99,15
SO-503075,2,6,1,29.99,0
SO-503075,3,10,1,149.99,0
SO-503076,1,7,1,169.99,10
SO-503077,1,22,1,79.99,0
SO-503077,2,6,1,29.99,0
SO-503078,1,3,1,49.99,15
SO-503079,1,1,2,199.99,0
SO-503080,1,14,1,99.99,0
SO-503080,2,18,2,14.99,5
SO-503081,1,13,2,129.99,0
SO-503082,1,11,1,64.99,5
SO-503083,1,15,3,36.99,5
SO-503083,2,22,1,73.99,0
SO-503083,3,8,1,50.99,5
SO-503083,4,10,1,138.99,15
SO-503084,1,12,3,19.99,15
SO-503084,2,2,1,179.99,0
SO-503085,1,7,1,169.99,5
SO-503085,2,2,2,179.99,0
SO-503086,1,11,1,64.99,0
SO-503087,1,13,1,129.99,15
SO-503087,2,14,1,99.99,0
SO-503088,1,6,1,29.99,0
SO-503089,1,9,2,89.99,0
SO-503089,2,5,1,39.99,0
SO-503089,3,6,3,29.99,0
SO-503089,4,4,2,59.99,0
SO-503090,1,13,1,129.99,0
SO-503090,2,2,1,179.99,0
SO-503091,1,19,1,699.99,15
SO-503092,1,2,1,179.99,5
SO-503092,2,17,2,17.99,15
SO-503093,1,12,3,19.99,10
SO-503094,1,14,2,99.99,0
SO-503094,2,8,1,54.99,0
SO-503095,1,23,2,34.99,0
SO-503096,1,4,1,59.99,10
SO-503097,1,5,1,39.99,10
SO-503097,2,4,1,59.99,0
SO-503097,3,17,2,17.99,0
SO-503098,1,9,2,89.99,10
SO-503098,2,2,2,179.99,5
SO-503099,1,8,1,54.99,0
SO-503099,2,10,1,149.99,0
SO-503100,1,2,1,179.99,0
SO-503100,2,8,1,54.99,0
SO-503101,1,8,2,54.99,0
SO-503102,1,18,3,14.99,0
SO-503102,2,22,2,79.99,0
SO-503103,1,19,1,699.99,10
SO-503103,2,17,3,17.99,0
SO-503103,3,15,3,39.99,0
SO-503104,1,9,1,89.99,0
SO-503104,2,5,2,39.99,5
SO-503104,3,21,3,24.99,10
SO-503105,1,1,1,199.99,0
SO-503105,2,16,1,74.99,0
SO-503106,1,10,1,138.99,15
SO-503106,2,15,1,36.99,0
SO-503107,1,4,1,59.99,0
SO-503107,2,23,3,34.99,10
SO-503107,3,11,2,64.99,0
SO-503107,4,16,1,74.99,0
SO-503108,1,1,2,199.99,0
SO-503108,2,6,3,29.99,0
SO-503108,3,2,1,179.99,0
SO-503108,4,3,1,49.99,5
SO-503109,1,8,1,54.99,0
SO-503110,1,4,2,59.99,0
SO-503110,2,8,1,54.99,0
SO-503111,1,4,2,59.99,0
SO-503112,1,15,3,39.99,0
SO-503112,2,14,1,99.99,10
SO-503112,3,18,2,14.99,0
SO-503113,1,10,1,149.99,5
SO-503114,1,21,3,24.99,15
SO-503114,2,23,3,34.99,0
SO-503114,3,13,1,129.99,0
SO-503114,4,1,1,199.99,0
SO-503115,1,16,1,74.99,10
SO-503116,1,1,1,199.99,0
SO-503117,1,21,2,24.99,0
SO-503117,2,6,2,29.99,0
SO-503117,3,19,1,699.99,0
SO-503118,1,4,2,59.99,0
SO-503118,2,9,1,89.99,5
SO-503119,1,18,2,14.99,0
SO-503120,1,19,2,699.99,0
SO-503120,2,18,1,14.99,15
SO-503121,1,16,2,74.99,0
SO-503122,1,7,5,169.99,15
SO-503122,2,15,3,39.99,20
SO-503122,3,17,6,17.99,15
SO-503122,4,13,4,129.99,15
SO-503123,1,12,2,19.99,10
SO-503124,1,7,1,169.99,0
SO-503124,2,13,1,129.99,0
SO-503125,1,17,1,17.99,0
SO-503125,2,6,2,29.99,0
SO-503126,1,17,2,17.99,10
SO-503127,1,5,3,39.99,0
SO-503127,2,20,1,599.99,0
SO-503128,1,10,1,149.99,15
SO-503128,2,11,1,64.99,0
SO-503129,1,16,1,74.99,15
SO-503129,2,12,3,19.99,5
SO-503130,1,18,2,14.99,5
SO-503130,2,8,1,54.99,5
SO-503130,3,13,1,129.99,0
SO-503130,4,15,3,39.99,5
SO-503131,1,5,3,39.99,5
SO-503132,1,7,1,169.99,15
SO-503133,1,7,1,169.99,15
SO-503133,2,3,1,49.99,10
SO-503134,1,14,1,99.99,5
SO-503134,2,7,1,169.99,10
SO-503134,3,9,2,89.99,5
SO-503134,4,6,1,29.99,5
SO-503135,1,11,1,64.99,10
SO-503135,2,1,1,199.99,0
SO-503135,3,3,2,49.99,15
SO-503136,1,16,1,74.99,0
SO-503136,2,5,3,39.99,15
SO-503137,1,8,1,54.99,0
SO-503137,2,15,3,39.99,0
SO-503137,3,12,3,19.99,0
SO-503137,4,3,3,49.99,0
SO-503138,1,5,3,39.99,5
SO-503138,2,11,1,64.99,15
SO-503139,1,19,1,650.99,0
SO-503139,2,18,2,13.99,0
SO-503140,1,10,1,149.99,10
SO-503141,1,2,1,179.99,0
SO-503142,1,5,2,36.99,0
SO-503142,2,9,2,83.99,5
SO-503142,3,12,2,18.99,15
SO-503143,1,19,1,699.99,0
SO-503143,2,3,1,49.99,0
SO-503144,1,14,1,92.99,5
SO-503145,1,7,1,169.99,15
SO-503146,1,7,2,169.99,0
SO-503146,2,13,2,129.99,15
SO-503147,1,11,1,64.99,5
SO-503148,1,4,1,59.99,0
SO-503149,1,17,1,17.99,0
SO-503149,2,9,2,89.99,10
SO-503149,3,7,1,169.99,10
SO-503149,4,5,1,39.99,0
SO-503150,1,2,1,179.99,0
SO-503150,2,6,3,29.99,0
SO-503151,1,24,2,44.99,0
SO-503152,1,4,1,59.99,10
SO-503152,2,13,1,129.99,0
SO-503153,1,10,1,149.99,0
SO-503153,2,20,1,599.99,5
SO-503153,3,13,2,129.99,0
SO-503154,1,4,1,59.99,10
SO-503155,1,20,1,599.99,0
SO-503155,2,1,2,199.99,0
SO-503155,3,14,1,99.99,0
SO-503156,1,14,1,92.99,0
SO-503156,2,17,3,16.99,10
SO-503157,1,7,1,169.99,5
SO-503158,1,9,1,89.99,0
SO-503158,2,17,1,17.99,0
SO-503159,1,17,3,17.99,5
SO-503159,2,8,1,54.99,0
SO-503160,1,15,3,39.99,5
SO-503160,2,18,2,14.99,5
SO-503160,3,12,2,19.99,0
SO-503160,4,3,1,49.99,15
SO-503161,1,16,1,74.99,15
SO-503161,2,3,2,49.99,0
SO-503161,3,14,1,99.99,0
SO-503161,4,17,2,17.99,0
SO-503162,1,3,3,49.99,0
SO-503162,2,20,1,599.99,5
SO-503163,1,17,2,16.99,0
SO-503163,2,21,3,22.99,0
SO-503163,3,13,1,120.99,0
SO-503164,1,8,1,54.99,0
SO-503165,1,2,1,179.99,0
SO-503166,1,16,1,74.99,0
SO-503166,2,12,3,19.99,0
SO-503166,3,18,2,14.99,10
SO-503166,4,6,1,29.99,10
SO-503167,1,12,1,19.99,0
SO-503168,1,1,1,199.99,0
SO-503168,2,2,1,179.99,5
SO-503169,1,6,2,29.99,0
SO-503170,1,8,2,54.99,0
SO-503171,1,14,2,99.99,0
SO-503172,1,17,1,17.99,5
SO-503172,2,21,2,24.99,0
SO-503172,3,4,2,59.99,0
SO-503173,1,18,3,14.99,0
SO-503174,1,22,1,79.99,0
SO-503175,1,2,21,179.99,20
SO-503175,2,9,13,89.99,15
SO-503176,1,6,1,29.99,0
SO-503176,2,14,1,99.99,10
SO-503177,1,8,1,54.99,10
SO-503177,2,12,3,19.99,5
SO-503178,1,19,2,699.99,0
SO-503178,2,13,2,129.99,10
SO-503179,1,17,2,17.99,5
SO-503179,2,18,2,14.99,10
SO-503179,3,15,3,39.99,0
SO-503180,1,9,1,89.99,0
SO-503181,1,20,2,599.99,0
SO-503181,2,5,2,39.99,10
SO-503182,1,3,2,49.99,0
SO-503182,2,7,1,169.99,5
SO-503183,1,9,1,89.99,5
SO-503183,2,7,1,169.99,10
SO-503184,1,13,1,120.99,10
SO-503184,2,12,3,18.99,0
SO-503185,1,18,2,13.99,0
SO-503185,2,11,2,59.99,15
SO-503186,1,23,3,34.99,15
SO-503187,1,24,2,44.99,0
SO-503188,1,16,1,74.99,10
SO-503188,2,24,3,44.99,0
SO-503188,3,8,1,54.99,15
SO-503189,1,3,1,49.99,0
SO-503189,2,5,2,39.99,0
SO-503189,3,13,1,129.99,10
SO-503190,1,10,1,149.99,0
SO-503191,1,8,2,54.99,15
SO-503191,2,4,1,59.99,5
SO-503192,1,19,1,699.99,0
SO-503192,2,23,3,34.99,0
SO-503192,3,3,2,49.99,0
SO-503193,1,5,17,39.99,25
SO-503193,2,15,21,39.99,15
SO-503193,3,8,19,54.99,15
SO-503194,1,14,2,92.99,15
SO-503194,2,8,1,50.99,5
SO-503195,1,1,3,185.99,15
SO-503195,2,2,5,166.99,15
SO-503195,3,4,6,55.99,25
SO-503195,4,14,10,92.99,20
SO-503196,1,13,1,129.99,0
SO-503196,2,1,1,199.99,5
SO-503196,3,14,2,99.99,0
SO-503196,4,7,1,169.99,0
SO-503197,1,24,3,44.99,0
SO-503197,2,6,1,29.99,15
SO-503197,3,8,1,54.99,0
SO-503197,4,5,2,39.99,0
SO-503198,1,17,1,17.99,0
SO-503198,2,16,2,74.99,0
SO-503199,1,7,9,169.99,15
SO-503199,2,11,17,64.99,25
SO-503199,3,13,21,129.99,20
SO-503199,4,22,17,79.99,15
SO-503200,1,2,7,179.99,15
SO-503200,2,20,6,599.99,20
SO-503201,1,13,1,129.99,5
SO-503201,2,8,1,54.99,5
SO-503201,3,12,2,19.99,0
SO-503201,4,22,1,79.99,0
SO-503202,1,11,1,64.99,0
SO-503202,2,2,1,179.99,0
SO-503203,1,22,4,79.99,15
SO-503203,2,1,3,199.99,15
SO-503204,1,23,1,34.99,0
SO-503204,2,20,2,599.99,0
SO-503205,1,6,3,29.99,5
SO-503205,2,11,2,64.99,10
SO-503206,1,22,1,79.99,15
SO-503206,2,5,2,39.99,0
SO-503207,1,22,1,79.99,5
SO-503207,2,11,1,64.99,0
SO-503208,1,1,1,199.99,0
SO-503208,2,15,3,39.99,0
SO-503209,1,20,1,557.99,0
SO-503210,1,14,1,99.99,0
SO-503211,1,5,2,39.99,0
SO-503211,2,21,1,24.99,0
SO-503211,3,22,2,79.99,0
SO-503212,1,20,1,599.99,15
SO-503213,1,3,1,49.99,0
SO-503213,2,11,1,64.99,0
SO-503213,3,15,1,39.99,0
SO-503213,4,16,1,74.99,15
SO-503214,1,18,2,13.99,10
SO-503215,1,24,3,44.99,0
SO-503216,1,18,2,14.99,0
SO-503216,2,11,1,64.99,0
SO-503217,1,10,2,149.99,0
SO-503218,1,19,1,699.99,10
SO-503218,2,18,2,14.99,0
SO-503219,1,18,2,14.99,0
SO-503219,2,13,1,129.99,0
SO-503220,1,3,3,49.99,5
SO-503220,2,21,1,24.99,0
SO-503220,3,22,1,79.99,0
SO-503221,1,4,1,55.99,10
SO-503221,2,5,3,36.99,0
SO-503222,1,14,1,99.99,0
SO-503223,1,14,2,92.99,0
SO-503223,2,5,3,36.99,0
SO-503223,3,3,2,45.99,0
SO-503224,1,22,9,79.99,15
SO-503224,2,8,9,54.99,15
SO-503224,3,5,4,39.99,20
SO-503225,1,11,1,64.99,10
SO-503225,2,18,2,14.99,0
SO-503225,3,6,2,29.99,15
SO-503226,1,9,1,89.99,0
SO-503227,1,17,2,16.99,5
SO-503228,1,17,2,17.99,5
SO-503228,2,1,1,199.99,5
SO-503228,3,5,1,39.99,0
SO-503228,4,12,3,19.99,0
SO-503229,1,17,2,16.99,0
SO-503229,2,4,1,55.99,0
SO-503229,3,22,1,73.99,10
SO-503229,4,23,2,32.99,0
SO-503230,1,18,2,14.99,0
SO-503230,2,13,1,129.99,0
SO-503231,1,7,6,169.99,25
SO-503231,2,19,9,699.99,20
SO-503231,3,14,4,99.99,15
SO-503232,1,10,1,149.99,15
SO-503233,1,8,1,54.99,0
SO-503233,2,15,1,39.99,0
SO-503234,1,3,1,49.99,0
SO-503235,1,13,10,129.99,25
SO-503235,2,18,11,14.99,15
SO-503235,3,7,21,169.99,15
SO-503235,4,10,14,149.99,25
SO-503236,1,5,1,39.99,0
SO-503236,2,18,3,14.99,0
SO-503237,1,16,2,69.99,5
SO-503237,2,20,1,557.99,0
SO-503237,3,9,2,83.99,0
SO-503238,1,13,1,129.99,10
SO-503239,1,17,2,17.99,15
SO-503239,2,13,1,129.99,0
SO-503239,3,19,2,699.99,0
SO-503239,4,18,1,14.99,5
SO-503240,1,9,16,89.99,15
SO-503240,2,16,12,74.99,15
SO-503240,3,14,10,99.99,15
SO-503240,4,19,17,699.99,25
SO-503241,1,3,2,49.99,5
SO-503242,1,15,2,39.99,5
SO-503243,1,18,1,14.99,0
SO-503244,1,5,3,39.99,0
SO-503245,1,3,3,45.99,5
SO-503246,1,15,8,39.99,20
SO-503246,2,10,5,149.99,25
SO-503246,3,7,3,169.99,15
SO-503247,1,16,1,74.99,0
SO-503248,1,11,2,64.99,0
SO-503249,1,14,1,99.99,0
SO-503250,1,16,2,74.99,0
SO-503250,2,12,3,19.99,0
SO-503251,1,9,1,89.99,0
SO-503251,2,7,1,169.99,0
SO-503252,1,10,2,138.99,0
SO-503253,1,24,1,44.99,15
SO-503254,1,14,1,92.99,15
SO-503254,2,1,1,185.99,15
SO-503255,1,10,2,149.99,0
SO-503255,2,1,2,199.99,0
SO-503256,1,4,18,59.99,15
SO-503256,2,7,12,169.99,15
SO-503256,3,3,16,49.99,25
SO-503256,4,14,20,99.99,20
SO-503257,1,11,1,64.99,0
SO-503257,2,8,1,54.99,0
SO-503258,1,9,2,89.99,15
SO-503258,2,13,2,129.99,0
SO-503259,1,6,3,29.99,10
SO-503259,2,17,1,17.99,15
SO-503259,3,24,3,44.99,0
SO-503259,4,12,1,19.99,0
SO-503260,1,23,2,34.99,0
SO-503260,2,10,2,149.99,0
SO-503260,3,17,2,17.99,0
SO-503261,1,2,1,179.99,0
SO-503261,2,19,1,699.99,15
SO-503261,3,24,2,44.99,0
SO-503261,4,11,1,64.99,0
SO-503262,1,16,2,69.99,10
SO-503262,2,1,2,185.99,0
SO-503263,1,22,2,79.99,0
SO-503263,2,23,2,34.99,0
SO-503263,3,17,3,17.99,10
SO-503264,1,1,1,199.99,0
SO-503264,2,18,3,14.99,5
SO-503265,1,9,1,89.99,0
SO-503265,2,13,1,129.99,5
SO-503266,1,8,1,54.99,0
SO-503267,1,12,3,19.99,0
SO-503267,2,19,2,699.99,0
SO-503267,3,3,3,49.99,5
SO-503268,1,22,1,73.99,0
SO-503268,2,19,1,650.99,0
SO-503269,1,12,1,18.99,15
SO-503270,1,6,1,29.99,0
SO-503270,2,4,1,59.99,0
SO-503271,1,4,2,59.99,5
SO-503271,2,20,1,599.99,0
SO-503272,1,11,1,64.99,10
SO-503272,2,2,2,179.99,5
SO-503273,1,23,3,34.99,0
SO-503273,2,14,2,99.99,5
SO-503273,3,17,1,17.99,0
SO-503273,4,3,3,49.99,0
SO-503274,1,5,5,39.99,15
SO-503274,2,8,10,54.99,15
SO-503275,1,15,2,36.99,15
SO-503275,2,20,1,557.99,0
SO-503275,3,17,3,16.99,15
SO-503276,1,16,2,74.99,10
SO-503277,1,19,1,699.99,0
SO-503277,2,1,1,199.99,0
SO-503278,1,21,3,24.99,5
SO-503278,2,3,1,49.99,10
SO-503279,1,23,3,34.99,15
SO-503279,2,13,1,129.99,0
SO-503279,3,14,2,99.99,15
SO-503280,1,15,2,39.99,0
SO-503281,1,13,1,129.99,0
SO-503281,2,7,2,169.99,5
SO-503282,1,23,1,34.99,0
SO-503282,2,20,1,599.99,15
SO-503283,1,21,12,24.99,25
SO-503283,2,16,8,74.99,25
SO-503283,3,13,20,129.99,15
SO-503284,1,15,1,39.99,5
SO-503285,1,2,1,179.99,0
SO-503285,2,9,1,89.99,0
SO-503285,3,5,3,39.99,0
SO-503286,1,12,1,19.99,0
SO-503287,1,11,1,64.99,0
SO-503287,2,22,1,79.99,10
SO-503288,1,3,3,49.99,0
SO-503288,2,24,3,44.99,0
SO-503289,1,24,2,44.99,0
SO-503290,1,3,1,45.99,10
SO-503290,2,16,2,69.99,0
SO-503291,1,7,1,169.99,0
SO-503292,1,22,1,79.99,15
SO-503293,1,17,1,17.99,0
SO-503293,2,5,2,39.99,0
SO-503294,1,16,1,74.99,0
SO-503295,1,14,1,99.99,0
SO-503296,1,8,1,54.99,0
SO-503297,1,7,1,157.99,0
SO-503298,1,5,1,39.99,10
SO-503298,2,14,1,99.99,5
SO-503299,1,7,1,169.99,0
SO-503299,2,19,1,699.99,0
SO-503300,1,20,1,599.99,0
SO-503300,2,6,1,29.99,5
SO-503301,1,19,1,699.99,0
SO-503301,2,4,1,59.99,0
SO-503302,1,16,2,74.99,15
SO-503302,2,15,2,39.99,0
SO-503303,1,4,1,59.99,0
SO-503303,2,1,1,199.99,0
SO-503303,3,17,1,17.99,0
SO-503304,1,10,1,149.99,0
SO-503304,2,3,2,49.99,0
SO-503304,3,12,2,19.99,0
SO-503305,1,3,3,49.99,0
SO-503306,1,13,1,129.99,0
SO-503306,2,16,1,74.99,15
SO-503307,1,9,1,89.99,0
SO-503307,2,12,2,19.99,0
SO-503308,1,8,2,54.99,10
SO-503308,2,9,1,89.99,5
SO-503309,1,23,1,34.99,10
SO-503309,2,12,1,19.99,5
SO-503309,3,11,2,64.99,0
SO-503310,1,11,2,64.99,5
SO-503310,2,13,2,129.99,10
SO-503310,3,6,2,29.99,10
SO-503310,4,1,2,199.99,15
SO-503311,1,15,2,39.99,0
SO-503312,1,10,2,149.99,10
SO-503313,1,6,3,29.99,10
SO-503313,2,12,1,19.99,0
SO-503314,1,3,3,49.99,5
SO-503314,2,21,1,24.99,0
SO-503315,1,9,1,89.99,0
SO-503315,2,20,1,599.99,0
SO-503316,1,16,2,74.99,15
SO-503317,1,17,2,17.99,10
SO-503317,2,14,2,99.99,0
SO-503317,3,24,2,44.99,0
SO-503318,1,21,3,24.99,0
SO-503318,2,20,2,599.99,0
SO-503318,3,14,1,99.99,10
SO-503319,1,6,16,29.99,20
SO-503319,2,14,9,99.99,25
SO-503319,3,3,12,49.99,25
SO-503319,4,7,8,169.99,25
SO-503320,1,18,2,14.99,0
SO-503321,1,24,2,44.99,0
SO-503322,1,10,2,149.99,5
SO-503322,2,2,1,179.99,0
SO-503323,1,16,1,74.99,0
SO-503324,1,16,1,74.99,5
SO-503325,1,3,2,49.99,0
SO-503325,2,22,1,79.99,10
SO-503326,1,3,3,49.99,10
SO-503327,1,24,2,44.99,5
SO-503327,2,7,1,169.99,0
SO-503328,1,10,1,149.99,5
SO-503329,1,5,2,36.99,0
SO-503329,2,4,2,55.99,0
SO-503330,1,18,1,14.99,0
SO-503330,2,2,1,179.99,0
SO-503330,3,9,2,89.99,0
SO-503331,1,17,1,17.99,0
SO-503331,2,6,3,29.99,0
SO-503331,3,18,3,14.99,10
SO-503331,4,3,3,49.99,15
SO-503332,1,13,1,129.99,0
SO-503333,1,16,1,74.99,0
SO-503333,2,2,2,179.99,0
SO-503334,1,7,1,169.99,0
SO-503334,2,14,1,99.99,0
SO-503335,1,19,1,699.99,15
SO-503336,1,17,1,17.99,15
SO-503336,2,7,1,169.99,10
SO-503337,1,18,2,14.99,15
SO-503338,1,16,10,69.99,15
SO-503338,2,20,4,557.99,15
SO-503338,3,5,7,36.99,15
SO-503338,4,10,3,138.99,15
SO-503339,1,11,2,64.99,0
SO-503340,1,13,1,129.99,0
SO-503341,1,1,2,199.99,0
SO-503342,1,2,1,179.99,5
SO-503342,2,15,2,39.99,10
SO-503342,3,17,1,17.99,0
SO-503342,4,12,2,19.99,10
SO-503343,1,18,3,14.99,5
SO-503344,1,14,1,99.99,0
SO-503345,1,5,3,39.99,0
SO-503346,1,19,2,699.99,0
SO-503346,2,14,1,99.99,0
SO-503347,1,16,1,74.99,15
SO-503347,2,6,2,29.99,0
SO-503348,1,14,2,99.99,5
SO-503349,1,4,1,59.99,0
SO-503350,1,1,2,199.99,0
SO-503350,2,20,1,599.99,0
SO-503351,1,18,2,14.99,0
SO-503352,1,10,1,149.99,15
SO-503353,1,1,2,199.99,0
SO-503354,1,3,1,49.99,10
SO-503354,2,12,3,19.99,0
SO-503355,1,12,3,19.99,10
SO-503356,1,13,1,129.99,10
SO-503357,1,18,1,14.99,0
SO-503357,2,19,1,699.99,0
SO-503357,3,17,3,17.99,0
SO-503358,1,4,1,59.99,0
SO-503359,1,8,2,54.99,0
SO-503360,1,1,1,199.99,0
SO-503361,1,7,1,169.99,0
SO-503361,2,20,2,599.99,0
SO-503362,1,18,1,14.99,10
SO-503362,2,9,1,89.99,5
SO-503363,1,22,1,79.99,5
SO-503363,2,17,2,17.99,0
SO-503363,3,13,1,129.99,0
SO-503363,4,4,1,59.99,0
SO-503364,1,14,1,99.99,0
SO-503365,1,18,1,14.99,10
SO-503365,2,16,1,74.99,0
SO-503366,1,15,1,39.99,0
SO-503366,2,10,1,149.99,0
SO-503366,3,14,1,99.99,0
SO-503367,1,11,1,64.99,10
SO-503368,1,17,1,17.99,10
SO-503368,2,10,1,149.99,5
SO-503369,1,18,1,14.99,15
SO-503369,2,3,2,49.99,10
SO-503370,1,12,1,19.99,0
SO-503370,2,9,1,89.99,15
SO-503370,3,11,2,64.99,0
SO-503370,4,4,2,59.99,10
SO-503371,1,14,2,99.99,0
SO-503372,1,15,3,36.99,10
SO-503372,2,14,1,92.99,15
SO-503373,1,12,3,19.99,0
SO-503373,2,18,3,14.99,0
SO-503373,3,21,2,24.99,15
SO-503374,1,4,2,59.99,0
SO-503374,2,15,1,39.99,10
SO-503374,3,11,1,64.99,0
SO-503375,1,17,2,17.99,10
SO-503375,2,24,2,44.99,0
SO-503375,3,8,1,54.99,0
SO-503376,1,10,1,138.99,0
SO-503377,1,13,2,129.99,0
SO-503377,2,18,1,14.99,0
SO-503377,3,5,2,39.99,0
SO-503377,4,14,1,99.99,15
SO-503378,1,16,2,74.99,0
SO-503378,2,13,2,129.99,5
SO-503379,1,24,3,44.99,0
SO-503379,2,4,1,59.99,0
SO-503380,1,19,1,699.99,0
SO-503380,2,21,2,24.99,0
SO-503381,1,7,1,169.99,0
SO-503381,2,14,2,99.99,10
SO-503382,1,16,2,74.99,0
SO-503383,1,19,1,699.99,10
SO-503384,1,4,2,59.99,0
SO-503384,2,7,1,169.99,0
SO-503384,3,8,1,54.99,10
SO-503385,1,23,2,32.99,15
SO-503385,2,12,2,18.99,15
SO-503385,3,18,1,13.99,0
SO-503386,1,20,1,599.99,0
SO-503386,2,8,1,54.99,0
SO-503386,3,2,1,179.99,0
SO-503387,1,15,1,39.99,0
SO-503387,2,13,2,129.99,0
SO-503387,3,14,1,99.99,0
SO-503387,4,16,1,74.99,0
SO-503388,1,16,1,74.99,5
SO-503388,2,7,1,169.99,0
SO-503388,3,22,2,79.99,0
SO-503388,4,14,1,99.99,0
SO-503389,1,24,1,44.99,10
SO-503389,2,5,1,39.99,0
SO-503390,1,12,2,19.99,0
SO-503390,2,9,1,89.99,0
SO-503391,1,10,1,149.99,10
SO-503391,2,13,1,129.99,0
SO-503392,1,4,2,59.99,0
SO-503393,1,18,5,13.99,15
SO-503393,2,10,3,138.99,15
SO-503393,3,3,5,45.99,15
SO-503394,1,16,1,74.99,10
SO-503395,1,10,2,149.99,0
SO-503395,2,8,2,54.99,5
SO-503396,1,12,1,19.99,0
SO-503397,1,15,3,39.99,0
SO-503397,2,1,1,199.99,15
SO-503397,3,3,3,49.99,10
SO-503397,4,18,2,14.99,0
SO-503398,1,18,2,14.99,0
SO-503399,1,10,1,149.99,0
SO-503399,2,13,1,129.99,5
SO-503399,3,15,3,39.99,15
SO-503399,4,3,1,49.99,0
SO-503400,1,16,1,74.99,0
SO-503401,1,13,1,129.99,5
SO-503402,1,11,1,64.99,0
SO-503402,2,17,1,17.99,0
SO-503402,3,16,2,74.99,0
SO-503402,4,2,1,179.99,0
SO-503403,1,14,2,99.99,0
SO-503404,1,2,1,179.99,15
SO-503404,2,10,2,149.99,0
SO-503404,3,16,1,74.99,0
SO-503404,4,9,1,89.99,0
SO-503405,1,1,1,199.99,0
SO-503405,2,5,1,39.99,10
SO-503406,1,8,2,54.99,0
SO-503406,2,17,3,17.99,5
SO-503407,1,4,2,59.99,0
SO-503408,1,17,1,17.99,5
SO-503408,2,3,1,49.99,5
SO-503409,1,13,1,129.99,0
SO-503410,1,22,1,79.99,0
SO-503411,1,10,8,149.99,20
SO-503411,2,21,5,24.99,20
SO-503412,1,22,1,79.99,0
SO-503412,2,14,2,99.99,10
SO-503413,1,18,1,14.99,5
SO-503413,2,13,1,129.99,0
SO-503413,3,14,1,99.99,0
SO-503413,4,10,1,149.99,5
SO-503414,1,3,2,49.99,15
SO-503414,2,2,1,179.99,0
SO-503414,3,13,1,129.99,15
SO-503415,1,18,2,14.99,10
SO-503415,2,7,2,169.99,0
SO-503416,1,8,1,50.99,0
SO-503417,1,17,3,17.99,0
SO-503418,1,14,10,99.99,20
SO-503418,2,3,9,49.99,15
SO-503418,3,16,3,74.99,20
SO-503419,1,3,1,49.99,10
SO-503419,2,11,1,64.99,15
SO-503419,3,4,1,59.99,0
SO-503420,1,10,1,149.99,5
SO-503420,2,4,1,59.99,0
SO-503421,1,15,2,39.99,10
SO-503421,2,13,1,129.99,0
SO-503422,1,12,1,19.99,15
SO-503422,2,24,1,44.99,0
SO-503423,1,15,3,39.99,0
SO-503424,1,24,3,44.99,0
SO-503425,1,18,1,14.99,0
SO-503425,2,10,2,149.99,0
SO-503425,3,2,2,179.99,0
SO-503426,1,13,1,120.99,0
SO-503426,2,19,1,650.99,10
SO-503426,3,11,1,59.99,0
SO-503427,1,19,2,699.99,0
SO-503428,1,1,1,199.99,10
SO-503429,1,2,1,179.99,0
SO-503429,2,4,1,59.99,0
SO-503430,1,22,2,79.99,0
SO-503430,2,9,2,89.99,0
SO-503430,3,23,3,34.99,0
SO-503430,4,24,3,44.99,0
SO-503431,1,18,1,14.99,5
SO-503432,1,7,1,169.99,0
SO-503432,2,4,1,59.99,0
SO-503433,1,21,3,24.99,0
SO-503434,1,15,1,39.99,0
SO-503434,2,16,1,74.99,15
SO-503435,1,3,1,49.99,15
SO-503436,1,14,1,99.99,0
SO-503436,2,24,2,44.99,0
SO-503437,1,16,1,74.99,0
SO-503437,2,18,3,14.99,0
SO-503438,1,19,2,699.99,0
SO-503439,1,11,1,64.99,10
SO-503439,2,16,1,74.99,0
SO-503440,1,13,2,129.99,15
SO-503441,1,22,1,79.99,15
SO-503442,1,8,1,54.99,0
SO-503442,2,18,3,14.99,0
SO-503442,3,15,3,39.99,0
SO-503442,4,11,2,64.99,0
SO-503443,1,11,2,64.99,0
SO-503443,2,12,1,19.99,10
SO-503443,3,3,3,49.99,0
SO-503443,4,13,1,129.99,0
SO-503444,1,22,2,79.99,5
SO-503444,2,20,2,599.99,10
SO-503444,3,14,1,99.99,5
SO-503445,1,11,1,64.99,0
SO-503445,2,21,1,24.99,0
SO-503445,3,14,1,99.99,0
SO-503446,1,20,1,599.99,5
SO-503447,1,2,2,179.99,10
SO-503447,2,6,2,29.99,10
SO-503447,3,1,1,199.99,10
SO-503447,4,4,1,59.99,0
SO-503448,1,8,1,54.99,0
SO-503448,2,9,1,89.99,0
SO-503449,1,23,3,34.99,15
SO-503449,2,17,4,17.99,15
SO-503449,3,1,8,199.99,20
SO-503450,1,7,8,169.99,25
SO-503450,2,20,7,599.99,15
SO-503450,3,17,5,17.99,15
SO-503451,1,24,1,44.99,5
SO-503451,2,5,1,39.99,0
SO-503451,3,10,2,149.99,0
SO-503451,4,7,1,169.99,5
SO-503452,1,23,3,34.99,0
SO-503453,1,24,3,44.99,25
SO-503453,2,5,3,39.99,15
SO-503453,3,6,9,29.99,15
SO-503453,4,8,8,54.99,25
SO-503454,1,6,9,29.99,15
SO-503454,2,5,5,39.99,20
SO-503455,1,4,2,59.99,5
SO-503455,2,19,2,699.99,0
SO-503456,1,16,1,74.99,5
SO-503457,1,3,1,49.99,0
SO-503458,1,4,1,59.99,10
SO-503459,1,8,2,54.99,0
SO-503460,1,3,3,49.99,0
SO-503460,2,5,3,39.99,10
SO-503461,1,15,1,39.99,0
SO-503461,2,1,2,199.99,10
SO-503462,1,2,3,179.99,15
SO-503462,2,23,6,34.99,25
SO-503462,3,7,5,169.99,20
SO-503462,4,13,7,129.99,20
SO-503463,1,7,1,169.99,30
SO-503463,2,15,2,39.99,30
SO-503464,1,17,1,17.99,0
SO-503465,1,16,1,74.99,5
SO-503466,1,5,1,39.99,0
SO-503467,1,4,1,59.99,0
SO-503467,2,3,2,49.99,0
SO-503468,1,18,7,14.99,15
SO-503468,2,10,8,149.99,25
SO-503468,3,19,7,699.99,20
SO-503469,1,20,1,599.99,0
SO-503469,2,7,2,169.99,5
SO-503470,1,20,1,599.99,0
SO-503471,1,19,7,699.99,15
SO-503471,2,10,3,149.99,20
SO-503471,3,9,9,89.99,15
SO-503472,1,7,1,157.99,0
SO-503472,2,12,2,18.99,5
SO-503472,3,17,3,16.99,10
SO-503473,1,2,1,179.99,0
SO-503474,1,10,1,149.99,10
SO-503474,2,7,1,169.99,5
SO-503475,1,16,2,69.99,5
SO-503476,1,7,1,169.99,0
SO-503477,1,17,3,17.99,15
SO-503477,2,8,1,54.99,0
SO-503478,1,13,6,129.99,15
SO-503478,2,2,10,179.99,15
SO-503478,3,5,4,39.99,15
SO-503479,1,6,3,29.99,10
SO-503480,1,22,1,79.99,0
SO-503480,2,10,1,149.99,5
SO-503481,1,4,1,59.99,0
SO-503482,1,17,1,17.99,10
SO-503482,2,3,3,49.99,0
SO-503483,1,16,1,74.99,15
SO-503484,1,2,2,179.99,10
SO-503484,2,5,3,39.99,0
SO-503484,3,11,1,64.99,0
SO-503484,4,6,2,29.99,0
SO-503485,1,23,2,34.99,15
SO-503485,2,18,2,14.99,0
SO-503486,1,8,1,54.99,0
SO-503486,1,8,1,54.99,0
SO-503487,1,18,3,14.99,0
SO-503488,1,18,3,14.99,0
SO-503488,2,21,2,24.99,0
SO-503489,1,11,1,64.99,0
SO-503490,1,22,1,79.99,5
SO-503491,1,6,2,29.99,0
SO-503492,1,11,1,64.99,0
SO-503492,2,1,1,199.99,0
SO-503493,1,9,1,89.99,0
SO-503493,2,11,1,64.99,0
SO-503493,3,21,1,24.99,0
SO-503493,4,23,3,34.99,0
SO-503494,1,3,3,49.99,0
SO-503495,1,1,1,199.99,0
SO-503496,1,4,1,59.99,0
SO-503496,2,17,3,17.99,0
SO-503496,3,14,1,99.99,0
SO-503497,1,16,1,74.99,15
SO-503497,2,20,1,599.99,5
SO-503498,1,14,1,99.99,0
SO-503498,2,22,1,79.99,5
SO-503499,1,18,1,14.99,10
SO-503499,2,15,1,39.99,0
SO-503500,1,12,1,18.99,0
SO-503500,2,21,1,22.99,10
SO-503501,1,20,2,599.99,0
SO-503502,1,7,4,169.99,20
SO-503502,2,16,4,74.99,15
SO-503502,3,8,8,54.99,20
SO-503502,4,4,3,59.99,15
SO-503503,1,5,2,39.99,0
SO-503503,2,7,1,169.99,0
SO-503503,3,4,1,59.99,0
SO-503504,1,5,1,39.99,10
SO-503504,2,2,1,179.99,0
SO-503504,3,1,1,199.99,0
SO-503505,1,5,1,39.99,0
SO-503505,2,22,1,79.99,10
SO-503506,1,17,3,17.99,5
SO-503506,1,17,3,17.99,5
SO-503506,2,8,2,54.99,0
SO-503506,3,12,1,19.99,10
SO-503506,4,10,1,149.99,5
SO-503507,1,8,1,54.99,5
SO-503508,1,7,1,169.99,5
SO-503509,1,18,3,14.99,15
SO-503509,2,2,1,179.99,15
SO-503509,3,1,1,199.99,0
SO-503510,1,22,1,79.99,0
SO-503510,1,22,1,79.99,0
SO-503511,1,23,4,34.99,15
SO-503511,1,23,4,34.99,15
SO-503511,2,11,10,64.99,15
SO-503511,3,16,7,74.99,20
SO-503512,1,17,2,17.99,0
SO-503512,2,19,1,699.99,0
SO-503513,1,5,3,39.99,0
SO-503513,2,3,1,49.99,5
SO-503514,1,9,1,89.99,0
SO-503514,2,1,1,199.99,10
SO-503515,1,13,2,129.99,0
SO-503516,1,5,3,39.99,5
SO-503516,2,7,1,169.99,5
SO-503516,3,11,1,64.99,0
SO-503516,3,11,1,64.99,0
SO-503516,4,1,1,199.99,10
SO-503517,1,10,2,149.99,0
SO-503517,2,17,1,17.99,0
SO-503518,1,10,2,149.99,0
SO-503519,1,10,1,149.99,0
SO-503519,2,15,1,39.99,5
SO-503520,1,10,2,149.99,0
SO-503521,1,15,2,39.99,0
SO-503521,2,14,1,99.99,10
SO-503521,3,4,2,59.99,10
SO-503521,3,4,2,59.99,10
SO-503521,4,9,1,89.99,0
SO-503522,1,7,1,157.99,5
SO-503522,2,1,1,185.99,10
SO-503522,3,6,2,27.99,15
SO-503522,4,8,1,50.99,0
SO-503523,1,11,1,64.99,5
SO-503523,2,20,2,599.99,10
SO-503524,1,5,2,39.99,0
SO-503525,1,15,2,39.99,0
SO-503525,2,1,1,199.99,5
SO-503525,2,1,1,199.99,5
SO-503526,1,13,1,129.99,5
SO-503526,2,9,1,89.99,10
SO-503527,1,13,2,129.99,5
SO-503528,1,2,8,179.99,20
SO-503528,2,22,10,79.99,15
SO-503528,3,10,5,149.99,20
SO-503529,1,8,1,54.99,0
SO-503529,2,11,1,64.99,0
SO-503530,1,14,2,99.99,15
SO-503531,1,15,1,39.99,0
SO-503532,1,15,2,39.99,5
SO-503533,1,9,1,89.99,15
SO-503533,1,9,1,89.99,15
SO-503534,1,2,1,179.99,0
SO-503534,2,8,2,54.99,15
SO-503534,2,8,2,54.99,15
SO-503535,1,18,2,14.99,0
SO-503536,1,13,2,129.99,0
SO-503536,2,9,2,89.99,0
SO-503536,3,21,1,24.99,0
SO-503536,4,5,2,39.99,0
SO-503537,1,7,1,169.99,10
SO-503537,2,8,1,54.99,10
SO-503538,1,6,3,29.99,0
SO-503538,2,7,1,169.99,0
SO-503539,1,3,1,49.99,15
SO-503540,1,4,1,59.99,0
SO-503540,2,14,1,99.99,0
SO-503540,3,23,1,34.99,0
SO-503541,1,11,1,64.99,0
SO-503541,2,12,2,19.99,0
SO-503541,3,15,2,39.99,0
SO-503542,1,18,2,14.99,0
SO-503543,1,17,1,17.99,0
SO-503543,2,7,2,169.99,15
SO-503543,3,14,2,99.99,0
SO-503543,4,9,1,89.99,0
SO-503544,1,10,1,149.99,10
SO-503544,2,9,1,89.99,0
SO-503545,1,24,2,44.99,0
SO-503545,2,4,2,59.99,0
SO-503545,3,2,1,179.99,0
SO-503546,1,9,2,89.99,0
SO-503547,1,14,1,99.99,10
SO-503548,1,16,1,74.99,0
SO-503549,1,7,1,169.99,10
SO-503550,1,6,3,29.99,5
SO-503551,1,23,3,34.99,0
SO-503552,1,11,1,64.99,0
SO-503553,1,11,2,64.99,0
SO-503553,2,6,3,29.99,0
SO-503554,1,11,1,64.99,0
SO-503554,2,1,1,199.99,10
SO-503554,2,1,1,199.99,10
SO-503555,1,3,3,49.99,30
SO-503555,2,12,2,19.99,30
SO-503555,3,11,1,64.99,30
SO-503556,1,24,3,44.99,0
SO-503556,1,24,3,44.99,0
SO-503556,2,21,3,24.99,10
SO-503556,3,22,1,79.99,0
SO-503556,4,19,1,699.99,15
SO-503557,1,8,1,54.99,0
SO-503557,2,14,2,99.99,0
SO-503558,1,18,1,14.99,0
SO-503559,1,12,3,19.99,10
SO-503560,1,20,2,557.99,15
SO-503561,1,16,2,74.99,0
SO-503561,2,11,1,64.99,0
SO-503561,3,8,1,54.99,10
SO-503562,1,6,1,29.99,0
SO-503562,2,17,2,17.99,5
SO-503563,1,2,1,179.99,0
SO-503563,2,6,3,29.99,0
SO-503564,1,12,3,18.99,0
SO-503564,2,18,1,13.99,0
SO-503564,3,3,3,45.99,5
SO-503564,4,11,1,59.99,0
SO-503565,1,13,1,129.99,5
SO-503565,2,18,1,14.99,0
SO-503565,3,8,1,54.99,0
SO-503565,3,8,1,54.99,0
SO-503566,1,16,2,74.99,0
SO-503566,2,3,1,49.99,0
SO-503566,3,6,3,29.99,0
SO-503566,4,15,3,39.99,0
SO-503567,1,8,2,54.99,10
SO-503567,2,24,1,44.99,15
SO-503567,3,14,1,99.99,15
SO-503567,4,10,2,149.99,0
SO-503568,1,6,3,29.99,0
SO-503568,2,1,2,199.99,10
SO-503568,3,5,3,39.99,0
SO-503568,4,17,1,17.99,0
SO-503569,1,16,2,69.99,0
SO-503570,1,8,1,54.99,0
SO-503570,2,9,1,89.99,15
SO-503570,3,15,1,39.99,0
SO-503571,1,9,1,83.99,15
SO-503571,2,12,2,18.99,5
SO-503571,3,19,1,650.99,15
SO-503571,4,16,1,69.99,5
SO-503572,1,5,2,39.99,0
SO-503573,1,4,2,59.99,0
SO-503573,2,12,2,19.99,5
SO-503574,1,16,2,74.99,30
SO-503574,2,14,1,99.99,30
SO-503575,1,16,4,74.99,20
SO-503575,2,8,6,54.99,20
SO-503575,3,24,6,44.99,15
SO-503576,1,23,1,34.99,10
SO-503577,1,24,2,44.99,0
SO-503577,2,2,1,179.99,15
SO-503578,1,10,1,149.99,0
SO-503578,2,15,1,39.99,10
SO-503579,1,15,2,39.99,10
SO-503579,2,16,1,74.99,0
SO-503580,1,14,1,99.99,15
SO-503581,1,4,1,59.99,15
SO-503581,2,15,2,39.99,0
SO-503581,3,22,2,79.99,0
SO-503582,1,13,1,129.99,10
SO-503583,1,17,3,17.99,0
SO-503583,2,12,1,19.99,10
SO-503583,3,4,2,59.99,0
SO-503583,4,6,3,29.99,0
SO-503584,1,22,1,79.99,5
SO-503584,2,10,1,149.99,5
SO-503585,1,17,2,17.99,0
SO-503586,1,10,1,149.99,0
SO-503586,2,8,1,54.99,0
SO-503587,1,14,2,99.99,5
SO-503587,2,9,2,89.99,0
SO-503587,3,16,1,74.99,0
SO-503588,1,14,2,99.99,15
SO-503589,1,16,1,74.99,15
SO-503589,1,16,1,74.99,15
SO-503589,2,21,1,24.99,0
SO-503589,3,3,2,49.99,5
SO-503590,1,9,2,89.99,0
SO-503590,2,5,3,39.99,0
SO-503591,1,14,2,92.99,10
SO-503591,2,5,2,36.99,0
SO-503591,3,9,1,83.99,0
SO-503592,1,18,1,14.99,10
SO-503593,1,4,1,59.99,5
SO-503594,1,6,2,29.99,5
SO-503594,2,8,1,54.99,0
SO-503594,2,8,1,54.99,0
SO-503595,1,11,2,64.99,0
SO-503595,2,22,1,79.99,15
SO-503595,3,2,1,179.99,10
SO-503595,4,10,1,149.99,0
SO-503596,1,21,3,24.99,10
SO-503596,2,11,1,64.99,0
SO-503596,3,19,2,699.99,0
SO-503596,4,9,1,89.99,0
SO-503597,1,6,3,29.99,0
SO-503597,1,6,3,29.99,0
SO-503597,2,4,2,59.99,15
SO-503598,1,14,1,99.99,0
SO-503598,2,2,1,179.99,10
SO-503599,1,9,1,89.99,0
SO-503599,1,9,1,89.99,0
SO-503600,1,4,1,59.99,0
SO-503600,2,21,2,24.99,10
SO-503601,1,14,1,99.99,5
SO-503601,2,17,3,17.99,0
SO-503602,1,22,1,79.99,10
SO-503602,2,8,1,54.99,10
SO-503602,3,1,1,199.99,5
SO-503602,4,15,2,39.99,0
SO-503603,1,11,1,64.99,5
SO-503604,1,13,1,129.99,0
SO-503605,1,14,1,99.99,0
SO-503605,2,12,2,19.99,0
SO-503606,1,19,1,699.99,0
SO-503607,1,3,1,49.99,0
SO-503608,1,20,1,599.99,15
SO-503608,2,12,2,19.99,0
SO-503608,3,11,1,64.99,5
SO-503608,4,18,3,14.99,5
SO-503609,1,2,1,179.99,0
SO-503609,2,10,1,149.99,0
SO-503609,3,3,3,49.99,15
SO-503609,4,4,2,59.99,0
SO-503609,4,4,2,59.99,0
SO-503610,1,13,1,129.99,0
SO-503610,2,20,1,599.99,0
SO-503611,1,6,1,29.99,15
SO-503611,2,14,1,99.99,0
SO-503611,2,14,1,99.99,0
SO-503612,1,1,1,199.99,15
SO-503613,1,8,1,54.99,0
SO-503613,2,14,1,99.99,0
SO-503614,1,8,1,54.99,0
SO-503614,1,8,1,54.99,0
SO-503615,1,3,3,49.99,0
SO-503615,2,13,1,129.99,0
SO-503616,1,13,2,129.99,0
SO-503617,1,17,3,17.99,0
SO-503618,1,5,1,39.99,0
SO-503619,1,13,2,129.99,0
SO-503619,1,13,2,129.99,0
SO-503620,1,19,2,699.99,0
SO-503620,2,11,1,64.99,0
SO-503621,1,15,2,39.99,0
SO-503621,2,11,2,64.99,10
SO-503622,1,3,2,45.99,5
SO-503622,2,6,3,27.99,0
SO-503622,3,8,1,50.99,10
SO-503622,4,4,2,55.99,15
SO-503623,1,6,1,29.99,0
SO-503623,2,22,1,79.99,5
SO-503624,1,17,1,17.99,0
SO-503625,1,1,1,199.99,0
SO-503625,2,4,2,59.99,0
SO-503626,1,1,2,199.99,0
SO-503626,2,10,1,149.99,0
SO-503627,1,10,1,149.99,0
SO-503628,1,11,1,64.99,0
SO-503629,1,7,1,169.99,5
SO-503629,1,7,1,169.99,5
SO-503630,1,12,1,19.99,0
SO-503630,2,7,1,169.99,10
SO-503631,1,3,3,49.99,0
SO-503631,2,21,1,24.99,0
SO-503631,3,13,1,129.99,5
SO-503632,1,20,1,599.99,5
SO-503633,1,4,1,55.99,0
SO-503633,2,16,1,69.99,0
SO-503634,1,23,3,34.99,0
SO-503634,2,8,2,54.99,0
SO-503634,2,8,2,54.99,0
SO-503635,1,2,1,179.99,0
SO-503636,1,11,1,64.99,5
SO-503637,1,20,1,599.99,10
SO-503637,1,20,1,599.99,10
SO-503637,2,15,1,39.99,0
SO-503638,1,11,1,64.99,5
SO-503638,2,12,1,19.99,10
SO-503639,1,8,1,54.99,0
SO-503640,1,20,1,599.99,5
SO-503641,1,18,2,14.99,0
SO-503641,2,1,1,199.99,0
SO-503642,1,21,1,24.99,5
SO-503643,1,6,1,29.99,5
SO-503643,2,24,1,44.99,5
SO-503644,1,15,3,39.99,20
SO-503644,2,1,10,199.99,20
SO-503644,3,12,7,19.99,15
SO-503645,1,8,2,54.99,0
SO-503646,1,11,1,64.99,15
SO-503646,1,11,1,64.99,15
SO-503646,2,14,2,99.99,0
SO-503646,3,22,2,79.99,0
SO-503646,4,24,3,44.99,10
SO-503647,1,22,2,79.99,0
SO-503647,2,11,2,64.99,15
SO-503647,3,7,2,169.99,0
SO-503648,1,22,1,79.99,0
SO-503649,1,9,1,89.99,0
SO-503649,2,16,1,74.99,10
SO-503649,3,18,3,14.99,0
SO-503650,1,10,1,149.99,0
SO-503650,2,9,2,89.99,5
SO-503650,3,22,1,79.99,0
SO-503651,1,22,2,79.99,0
SO-503652,1,6,1,29.99,10
SO-503652,2,7,2,169.99,0
SO-503652,3,12,2,19.99,0
SO-503653,1,7,6,169.99,15
SO-503653,2,2,7,179.99,15
SO-503653,3,17,9,17.99,15
SO-503653,3,17,9,17.99,15
SO-503653,4,19,10,699.99,15
SO-503654,1,2,2,179.99,15
SO-503654,1,2,2,179.99,15
SO-503655,1,13,2,120.99,5
SO-503656,1,13,2,129.99,15
SO-503656,2,15,2,39.99,10
SO-503656,3,16,1,74.99,0
SO-503656,3,16,1,74.99,0
SO-503657,1,12,1,18.99,0
SO-503657,1,12,1,18.99,0
SO-503658,1,4,1,59.99,0
SO-503659,1,14,1,99.99,0
SO-503659,2,19,1,699.99,0
SO-503660,1,1,1,199.99,0
SO-503660,2,20,1,599.99,0
SO-503661,1,9,1,89.99,15
SO-503661,2,4,1,59.99,10
SO-503662,1,18,2,14.99,5
SO-503663,1,2,1,166.99,15
SO-503663,2,11,2,59.99,0
SO-503663,3,9,1,83.99,0
SO-503663,4,6,1,27.99,0
SO-503664,1,18,3,14.99,15
SO-503664,2,10,1,149.99,10
SO-503665,1,12,2,19.99,10
SO-503666,1,21,2,24.99,0
SO-503666,2,17,2,17.99,0
SO-503667,1,14,2,99.99,0
SO-503667,2,10,1,149.99,0
SO-503667,2,10,1,149.99,0
SO-503668,1,4,1,59.99,0
SO-503669,1,22,4,79.99,25
SO-503669,2,12,4,19.99,25
SO-503670,1,10,1,149.99,0
SO-503670,2,12,1,19.99,0
SO-503671,1,12,1,19.99,0
SO-503671,2,15,3,39.99,0
SO-503672,1,4,1,55.99,10
SO-503672,2,18,2,13.99,15
SO-503673,1,15,1,39.99,0
SO-503673,2,11,2,64.99,0
SO-503674,1,7,2,169.99,0
SO-503674,2,14,1,99.99,0
SO-503675,1,18,3,14.99,0
SO-503675,2,17,1,17.99,10
SO-503675,3,11,1,64.99,0
SO-503675,4,16,2,74.99,0
SO-503676,1,21,10,22.99,15
SO-503676,2,9,5,83.99,15
SO-503676,3,7,4,157.99,15
SO-503676,4,5,8,36.99,20
SO-503677,1,13,1,120.99,0
SO-503677,2,2,1,166.99,5
SO-503678,1,20,1,599.99,15
SO-503678,2,21,3,24.99,5
SO-503678,3,11,2,64.99,5
SO-503678,4,5,3,39.99,10
SO-503679,1,22,1,79.99,0
SO-503680,1,22,1,79.99,0
SO-503680,2,4,1,59.99,0
SO-503681,1,20,1,599.99,0
SO-503681,2,18,2,14.99,0
SO-503682,1,13,6,129.99,15
SO-503682,2,3,8,49.99,20
SO-503683,1,7,2,169.99,0
SO-503683,2,21,2,24.99,0
SO-503683,3,13,1,129.99,0
SO-503683,4,4,1,59.99,0
SO-503684,1,7,1,169.99,0
SO-503684,2,8,1,54.99,0
SO-503684,3,16,1,74.99,5
SO-503685,1,1,1,199.99,0
SO-503685,1,1,1,199.99,0
SO-503686,1,18,2,14.99,5
SO-503687,1,17,3,17.99,5
SO-503687,2,24,1,44.99,15
SO-503687,3,5,2,39.99,10
SO-503688,1,24,3,44.99,0
SO-503688,2,23,2,34.99,0
SO-503688,3,19,1,699.99,0
SO-503689,1,18,3,14.99,0
SO-503689,2,8,1,54.99,0
SO-503689,3,16,2,74.99,0
SO-503690,1,7,2,169.99,15
SO-503691,1,4,1,59.99,10
SO-503691,1,4,1,59.99,10
SO-503691,2,17,1,17.99,0
SO-503692,1,17,3,17.99,5
SO-503693,1,17,3,17.99,0
SO-503693,1,17,3,17.99,0
SO-503693,2,12,3,19.99,10
SO-503694,1,6,1,29.99,10
SO-503694,2,1,1,199.99,0
SO-503695,1,2,1,179.99,5
SO-503696,1,16,2,74.99,0
SO-503696,2,18,2,14.99,0
SO-503696,2,18,2,14.99,0
SO-503697,1,1,1,199.99,30
SO-503698,1,21,6,24.99,20
SO-503698,2,15,9,39.99,15
SO-503698,3,2,6,179.99,15
SO-503699,1,1,1,199.99,0
SO-503699,2,7,1,169.99,0
SO-503700,1,17,3,17.99,10
SO-503700,2,14,2,99.99,0
SO-503701,1,8,2,54.99,0
SO-503702,1,10,1,149.99,0
SO-503703,1,8,1,54.99,0
SO-503703,2,17,2,17.99,5
SO-503703,3,13,1,129.99,10
SO-503703,4,19,1,699.99,5
SO-503704,1,22,2,79.99,5
SO-503704,1,22,2,79.99,5
SO-503704,2,11,1,64.99,0
SO-503704,2,11,1,64.99,0
SO-503704,3,20,1,599.99,0
SO-503704,4,1,2,199.99,15
SO-503705,1,1,1,199.99,0
SO-503705,2,12,1,19.99,0
SO-503706,1,14,1,99.99,0
SO-503706,1,14,1,99.99,0
SO-503706,2,4,2,59.99,5
SO-503707,1,12,5,19.99,25
SO-503707,2,5,9,39.99,15
SO-503708,1,6,1,27.99,15
SO-503708,2,18,1,13.99,0
SO-503709,1,23,2,34.99,0
SO-503709,2,19,1,699.99,10
SO-503709,3,20,1,599.99,0
SO-503709,4,24,1,44.99,10
SO-503710,1,14,2,99.99,15
SO-503711,1,19,1,699.99,10
SO-503712,1,5,3,39.99,0
SO-503712,1,5,3,39.99,0
SO-503712,2,18,2,14.99,15
SO-503713,1,19,3,699.99,0
SO-503714,1,19,2,699.99,0
SO-503715,1,19,4,699.99,0
